1,1,1.0
1,2,-0.9559042387984865
1,3,0.7205766921228922
1,10,1.0
1,11,1.0
1,14,1.0
1,15,-1.0
1,16,-0.6546536707079772
1,18,-1.0
1,24,-0.9999999999999998
1,32,1.0
1,33,-0.9999999999999998
1,35,0.9912407071619311
1,40,-0.7559289460184552
1,43,-0.9999999999999998
1,44,1.0
1,47,0.9999999999999998
1,59,-0.27735009811261696
1,62,-0.9999999999999998
1,65,-1.0
1,68,0.7205766921228923
1,70,0.27735009811261385
1,74,0.9999999999999998
1,84,-0.4703170810017723
1,85,-0.9999999999999998
1,97,0.9999999999999998
1,105,0.5000000000000002
1,106,0.9999999999999998
1,112,-0.5000000000000057
1,114,-0.8783100656536799
1,116,0.9741099460101446
1,122,-0.9999999999999998
1,126,-0.8322397195638239
1,130,0.31686212526223895
1,131,0.2773500981126146
1,136,0.7276068751089989
1,140,0.9999999999999999
1,141,-0.6933752452815366
1,149,1.0
1,151,0.6628489803598706
1,153,-0.9999999999999998
1,154,1.0
1,158,1.0
1,159,1.0
1,164,0.5447047794019222
1,170,-1.0
1,172,-0.945223409278089
1,177,1.0
1,179,-0.4785474204170222
2,1,-0.9559042387984865
2,2,1.0
2,3,0.9999999999999999
2,4,0.9244734516419046
2,18,0.8660254037844388
2,24,-0.9999999999999998
2,31,0.9999999999999998
2,43,0.24019223070763077
2,44,0.9819805060619649
2,48,-0.2661636551727047
2,49,-1.0
2,50,-0.629940788348712
2,51,0.0
2,57,-0.5000000000000002
2,59,-0.500000000000008
2,61,0.9999999999999999
2,63,-1.0
2,68,1.0
2,70,-0.9999999999999998
2,72,0.9999999999999998
2,73,0.9999999999999999
2,79,0.9999999999999998
2,89,-1.0
2,90,-1.0
2,102,1.0
2,107,-0.9999999999999998
2,112,1.0
2,113,0.9999999999999999
2,114,1.0
2,116,0.9999999999999998
2,118,0.9999999999999998
2,121,-0.0564782494724905
2,122,0.9999999999999999
2,127,-1.0
2,128,-0.9999999999999998
2,137,-0.5000000000000002
2,138,0.7172042142548527
2,141,0.5519108859536994
2,146,-1.0
2,153,-0.5000000000000002
2,162,-0.8660254037844388
2,171,-1.0
2,173,0.9148074042510733
3,1,0.7205766921228922
3,2,0.9999999999999999
3,3,1.0
3,4,0.6946232319096902
3,6,-0.959625217455925
3,14,0.9999999999999998
3,17,-1.0
3,18,-0.9999999999999998
3,28,1.0
3,39,0.9999999999999999
3,40,-1.0
3,41,-1.0
3,44,-0.9999999999999998
3,46,-1.0
3,50,1.0
3,51,-0.9176629354822478
3,55,-0.9999999999999998
3,68,0.9707253433941472
3,72,1.0
3,76,-0.9999999999999998
3,79,-0.9999999999999998
3,82,1.0
3,90,0.6099942813304186
3,101,0.9999999999999999
3,118,0.34995661963667807
3,119,0.9999999999999998
3,131,-0.9999999999999998
3,138,-0.9999999999999998
3,141,-0.18898223650461363
3,147,1.0
3,151,0.8357661056711412
3,153,1.0
3,162,-0.9999999999999998
3,173,0.6933752452815363
3,179,-1.0
4,2,0.9244734516419046
4,3,0.6946232319096902
4,4,1.0
4,5,0.7559289460184531
4,6,-0.9999999999999998
4,17,1.0
4,18,0.6933752452815368
4,22,1.0
4,24,0.3651483716701107
4,26,-0.9999999999999998
4,27,1.0
4,29,-0.8660254037844388
4,31,0.9999999999999999
4,36,0.08219949365267885
4,37,0.8660254037844387
4,44,0.9999999999999998
4,56,-1.0
4,63,0.8660254037844264
4,65,-0.9999999999999998
4,69,0.9999999999999998
4,70,-0.9762210399274297
4,71,0.9999999999999998
4,73,0.38395525522930435
4,77,-1.0
4,79,0.6933752452815366
4,80,-0.7970167702187491
4,83,-0.987829161147262
4,84,0.8660254037844402
4,92,-1.0
4,99,-1.0
4,101,0.9999999999999998
4,102,-0.9999999999999998
4,105,-0.9999999999999998
4,114,0.9999999999999998
4,130,-1.0
4,133,-1.0
4,136,0.9999999999999999
4,140,0.9999999999999998
4,143,-1.0
4,147,-0.9999999999999998
4,149,-1.0
4,156,0.21019754169815522
4,162,-0.9999999999999998
4,170,0.3973597071195132
4,171,1.0
4,173,0.28829998806257884
4,177,0.7559289460184526
5,4,0.7559289460184531
5,5,1.0
5,9,0.9999999999999998
5,11,-1.0
5,19,-0.9999999999999956
5,24,0.9999999999999999
5,29,-0.9999999999999998
5,30,1.0
5,31,0.5694947974514993
5,36,1.0
5,40,-1.0
5,44,-0.9999999999999998
5,48,1.0
5,51,-1.0
5,59,-0.8660254037844385
5,63,0.9999999999999998
5,67,0.9999999999999998
5,70,0.3592106040535495
5,80,-0.9999999999999998
5,82,0.9999999999999998
5,102,0.5000000000000036
5,109,0.9999999999999998
5,117,0.9999999999999998
5,124,1.0
5,132,-0.9999999999999998
5,138,0.9999999999999998
5,143,0.9999999999999998
5,145,1.0
5,149,-0.9999999999999998
5,155,0.9999999999999998
5,158,-1.0
5,160,0.8029550685469664
5,165,0.9999999999999998
5,170,1.0
5,177,1.0
6,3,-0.9596252174559257
6,4,-0.9999999999999998
6,6,1.0
6,7,0.9999999999999998
6,13,0.9999999999999998
6,21,-0.9449111825230685
6,23,-0.9862413826124574
6,24,-0.4999999999999999
6,25,1.0
6,33,-1.0
6,35,-1.0
6,38,1.0
6,41,-0.5
6,48,-0.9999999999999998
6,52,-0.9999999999999998
6,62,1.0
6,63,1.0
6,74,-0.9999999999999998
6,75,0.9999999999999998
6,79,0.9999999999999998
6,82,-0.9999999999999999
6,88,0.9999999999999998
6,89,0.9999999999999998
6,94,-0.9999999999999998
6,117,-0.9999999999999998
6,132,1.0
6,139,1.0
6,141,0.9999999999999998
6,143,-0.9999999999999998
6,152,-1.0
6,156,0.9999999999999998
6,165,-0.9999999999999998
6,166,0.35921060405355004
6,173,0.11470786693528372
6,174,-0.3812464258315118
6,179,-0.9999999999999998
7,6,0.9999999999999998
7,7,0.9999999999999999
7,8,1.0
7,11,0.9999999999999998
7,31,-1.0
7,32,0.9999999999999998
7,36,-1.0
7,40,-0.9999999999999998
7,45,-0.9999999999999998
7,48,-0.9999999999999998
7,49,0.8029550685469656
7,63,-0.9999999999999998
7,72,-1.0
7,80,0.9999999999999998
7,84,1.0
7,105,-1.0
7,128,-1.0
7,134,-0.40964401518645666
7,135,1.0
7,146,0.11470786693528094
7,154,1.0
7,155,0.9999999999999998
7,158,-0.9148074042510737
7,159,0.9999999999999998
7,160,-0.9999999999999998
7,171,1.0
7,173,1.0
7,174,-1.0
7,176,-1.0
7,178,-1.0
7,179,-0.9999999999999998
8,7,1.0
8,8,1.0
8,9,-0.7559289460184544
8,17,-0.9999999999999998
8,21,0.49999999999999734
8,24,-0.9999999999999998
8,40,0.7650920556760058
8,41,1.0
8,42,0.02421797398482414
8,48,0.9999999999999998
8,66,0.9999999999999998
8,67,0.9999999999999998
8,71,0.970725343394151
8,77,0.9999999999999998
8,80,-1.0
8,85,-0.9999999999999998
8,87,0.9999999999999999
8,104,-0.9999999999999998
8,108,0.8660254037844402
8,110,-0.9285714285714323
8,114,1.0
8,141,0.9999999999999998
8,142,-1.0
8,150,0.9999999999999998
8,152,-0.9999999999999998
8,171,1.0
8,176,1.0
9,5,0.9999999999999998
9,8,-0.7559289460184544
9,9,1.0
9,10,1.0
9,14,0.9999999999999998
9,21,-0.2773500981126159
9,29,-0.9999999999999998
9,30,0.9878291611472666
9,31,-0.9999999999999998
9,42,1.0
9,46,-0.8979182455324994
9,53,0.4234151591787098
9,62,0.9999999999999998
9,63,-0.9449111825230699
9,67,0.5000000000000023
9,73,-0.3651483716701107
9,80,-0.6933752452815366
9,81,0.9449111825230685
9,97,-0.8029550685469661
9,108,0.9999999999999998
9,114,-1.0
9,120,-0.9999999999999998
9,125,-0.9999999999999999
9,131,-1.0
9,149,-1.0
9,150,-0.9999999999999998
10,1,1.0
10,9,1.0
10,10,0.9999999999999999
10,12,-0.9999999999999998
10,16,-0.9999999999999999
10,23,-0.5765566601970551
10,27,0.9999999999999999
10,35,0.7559289460184578
10,40,0.7205766921228922
10,42,-0.9999999999999999
10,50,0.9999999999999998
10,61,-0.9999999999999998
10,66,1.0
10,82,-0.8962581595302717
10,85,0.9999999999999998
10,87,0.9999999999999998
10,88,0.9999999999999999
10,97,-1.0
10,98,0.9999999999999998
10,102,-0.9999999999999998
10,108,-0.9999999999999998
10,109,0.27735009811261274
10,117,0.27735009811261485
10,122,0.9449111825230703
10,133,0.9999999999999999
10,148,1.0
11,1,1.0
11,5,-1.0
11,7,0.9999999999999998
11,11,1.0
11,19,0.8660254037844387
11,34,-0.9999999999999998
11,43,1.0
11,47,0.2773500981126068
11,49,1.0
11,59,0.500000000000001
11,62,0.9999999999999998
11,70,-1.0
11,74,0.9999999999999998
11,75,0.9999999999999998
11,83,1.0
11,84,-1.0
11,86,-1.0
11,96,-1.0
11,99,0.9999999999999999
11,113,0.9999999999999998
11,124,-1.0
11,134,-0.9999999999999998
11,154,-1.0
11,155,-1.0
11,158,1.0
11,159,-0.6546536707079776
11,160,0.9999999999999998
11,165,-1.0
12,10,-0.9999999999999998
12,12,1.0
12,33,0.9999999999999998
12,36,-1.0
12,39,-0.9999999999999998
12,43,0.9999999999999998
12,45,0.9999999999999998
12,46,-0.9999999999999999
12,49,-1.0
12,55,-1.0
12,61,-1.0
12,73,-1.0
12,92,-1.0
12,95,-1.0
12,117,1.0
12,118,0.9999999999999998
12,121,0.9999999999999996
12,122,0.9607689228305228
12,148,-1.0
12,155,0.9999999999999999
13,6,0.9999999999999998
13,13,1.0
13,14,-0.9999999999999998
13,18,-0.9999999999999998
13,21,-0.9999999999999998
13,24,0.9999999999999999
13,29,0.9999999999999998
13,32,1.0
13,36,-0.9999999999999998
13,42,0.9999999999999999
13,46,-0.9999999999999998
13,50,-0.3394221166510667
13,54,-0.9999999999999998
13,77,0.9999999999999999
13,81,0.953820966476532
13,93,0.5329387100211929
13,94,-0.2679575381212942
13,101,1.0
13,113,0.9999999999999998
13,125,0.46089884537145376
13,137,0.9999999999999998
13,138,-0.9999999999999999
13,156,0.9999999999999998
13,168,0.9999999999999998
13,176,0.944911182523067
14,1,1.0
14,3,0.9999999999999998
14,9,0.9999999999999998
14,13,-0.9999999999999998
14,14,0.9999999999999998
14,15,0.9999999999999998
14,30,1.0
14,31,-1.0
14,42,1.0
14,44,-1.0
14,51,-1.0
14,52,0.9999999999999998
14,53,1.0
14,61,0.9999999999999999
14,70,-0.9999999999999998
14,72,-1.0
14,75,0.9999999999999998
14,92,0.9999999999999999
14,94,-1.0
14,113,0.9999999999999998
14,116,0.4335549847620581
14,126,-0.8979182455324988
14,127,1.0
14,132,1.0
14,135,-0.9999999999999998
14,141,-0.9999999999999998
14,149,0.8029550685469661
14,165,0.15554275420956382
14,176,-0.9999999999999998
15,1,-1.0
15,14,0.9999999999999998
15,15,1.0
15,16,0.9176629354822464
15,27,1.0
15,29,-0.9962709627734363
15,34,1.0
15,44,0.9999999999999998
15,47,0.9999999999999998
15,53,-0.9999999999999998
15,58,1.0
15,67,1.0
15,70,-1.0
15,75,0.9999999999999998
15,82,0.9999999999999998
15,98,-1.0
15,135,-1.0
15,136,-1.0
15,141,-0.529106716126994
15,160,1.0
15,162,0.9999999999999998
15,163,0.9999999999999999
15,170,-1.0
15,177,0.9999999999999998
15,178,0.9999999999999998
16,1,-0.6546536707079772
16,10,-0.9999999999999999
16,15,0.9176629354822464
16,16,0.9999999999999999
16,23,0.9999999999999998
16,40,1.0
16,41,-0.9999999999999999
16,54,0.9999999999999998
16,61,0.349956619636677
16,72,1.0
16,73,-1.0
16,75,0.9695485958961325
16,100,-0.2773500981126146
16,111,0.8811039019443196
16,117,-1.0
16,136,-1.0
16,137,-0.9999999999999998
16,162,0.6546536707079772
16,178,-0.9999999999999998
16,179,-0.9999999999999998
17,3,-1.0
17,4,1.0
17,8,-0.9999999999999998
17,17,1.0
17,26,-0.9999999999999999
17,27,0.9999999999999998
17,36,-0.9999999999999999
17,59,1.0
17,68,-0.9999999999999998
17,82,1.0
17,83,-0.9999999999999998
17,91,-0.9999999999999998
17,101,0.9999999999999999
17,105,1.0
17,116,0.9999999999999998
17,141,0.9999999999999998
17,143,1.0
17,154,1.0
17,157,-0.9999999999999999
17,158,-0.9999999999999999
18,1,-1.0
18,2,0.8660254037844388
18,3,-0.9999999999999998
18,4,0.6933752452815368
18,13,-0.9999999999999998
18,18,1.0
18,24,-0.9999999999999998
18,27,1.0
18,62,-0.9999999999999998
18,68,-0.8660254037844525
18,72,0.9999999999999998
18,73,0.9999999999999998
18,85,-1.0
18,94,-0.9999999999999998
18,101,1.0
18,107,-0.9999999999999998
18,113,-0.6546536707079957
18,141,-0.9999999999999999
18,156,1.0
18,158,0.9999999999999998
18,168,-0.5000000000000066
19,5,-0.9999999999999956
19,11,0.8660254037844387
19,19,1.0
19,30,0.9999999999999998
19,31,-0.9999999999999998
19,34,-0.9999999999999998
19,36,-0.9999999999999998
19,40,-0.8660254037844388
19,52,0.9999999999999998
19,54,-1.0
19,61,-0.9999999999999998
19,64,-1.0
19,67,1.0
19,78,-0.7102658741205988
19,84,-0.9999999999999998
19,114,-1.0
19,117,-0.9999999999999999
19,145,-1.0
19,158,-0.9999999999999999
19,168,0.9999999999999998
19,174,0.9999999999999999
20,20,1.0
20,23,1.0
20,42,-1.0
20,65,-1.0
20,70,-1.0
20,89,0.9999999999999998
20,90,1.0
20,92,-0.3273268353539886
20,95,1.0
20,97,-0.4999999999999982
20,105,0.9999999999999998
20,106,0.9999999999999998
20,128,-1.0
20,132,-1.0
20,148,0.9999999999999998
20,149,-0.9912407071619302
20,150,-0.9999999999999998
20,151,0.9999999999999998
20,152,0.9999999999999998
20,162,-0.9999999999999998
20,163,0.18898223650461282
20,177,0.9041944301794614
21,6,-0.9449111825230685
21,8,0.49999999999999734
21,9,-0.2773500981126159
21,13,-0.9999999999999998
21,21,1.0
21,28,-0.9999999999999999
21,30,0.08219949365267763
21,41,0.9999999999999998
21,52,-0.9999999999999998
21,57,-1.0
21,62,1.0
21,71,-0.9999999999999998
21,81,-0.9285714285714284
21,86,1.0
21,108,0.9999999999999998
21,122,-1.0
21,125,0.40451991747794525
21,126,-0.1889822365046136
21,146,-0.9999999999999998
21,148,0.9999999999999998
21,155,0.9999999999999999
21,159,-1.0
21,167,-0.9999999999999998
21,173,-0.9999999999999999
21,175,1.0
22,4,1.0
22,22,0.9999999999999999
22,23,-1.0
22,35,0.9999999999999964
22,50,0.9999999999999998
22,59,0.9999999999999998
22,62,-1.0
22,80,-1.0
22,86,0.9999999999999998
22,93,1.0
22,100,1.0
22,101,1.0
22,102,0.9999999999999998
22,113,0.9999999999999998
22,115,0.9999999999999998
22,120,1.0
22,122,-0.9999999999999998
22,124,0.9999999999999998
22,136,0.5636214801906763
22,140,0.500000000000001
22,155,1.0
22,160,0.9999999999999998
22,164,1.0
23,6,-0.9862413826124574
23,10,-0.5765566601970551
23,16,0.9999999999999998
23,20,1.0
23,22,-1.0
23,23,1.0
23,24,1.0
23,48,-0.9999999999999998
23,49,0.8660254037844387
23,60,-0.9999999999999998
23,61,0.9999999999999998
23,80,-0.9999999999999998
23,82,0.2773500981126146
23,88,-0.9999999999999998
23,100,-1.0
23,102,0.6888467201936644
23,111,-0.5057805388588732
23,118,-1.0
23,123,-1.0
23,127,0.9999999999999999
23,133,1.0
23,153,-0.9999999999999998
23,156,-0.9999999999999998
23,161,0.9999999999999998
23,163,1.0
23,166,0.9999999999999998
23,175,1.0
24,1,-0.9999999999999998
24,2,-0.9999999999999998
24,4,0.3651483716701107
24,5,0.9999999999999999
24,6,-0.4999999999999999
24,8,-0.9999999999999998
24,13,0.9999999999999999
24,18,-0.9999999999999998
24,23,1.0
24,24,1.0
24,29,-1.0
24,31,1.0
24,43,-1.0
24,49,1.0
24,64,1.0
24,67,1.0
24,68,1.0
24,70,-0.9999999999999998
24,74,1.0
24,88,-0.9999999999999998
24,89,-0.9999999999999998
24,93,1.0
24,94,-0.9999999999999998
24,95,1.0
24,97,-0.9999999999999999
24,114,1.0
24,132,1.0
24,136,-1.0
24,141,-0.6546536707079783
24,153,-0.9999999999999998
24,156,1.0
24,173,-0.32732683535398793
25,6,1.0
25,25,1.0
25,26,-0.4435327625727437
25,29,0.9999999999999998
25,42,-0.9999999999999998
25,49,0.9999999999999999
25,52,-1.0
25,56,0.9999999999999998
25,57,1.0
25,64,-0.9999999999999998
25,68,-0.9999999999999998
25,74,-0.9999999999999998
25,80,-1.0
25,108,-1.0
25,131,-1.0
25,136,-1.0
25,142,-1.0
25,147,-1.0
25,158,-0.9999999999999998
25,166,0.0
25,169,0.8660254037844377
26,4,-0.9999999999999998
26,17,-0.9999999999999999
26,25,-0.4435327625727437
26,26,1.0
26,40,-1.0
26,65,1.0
26,73,0.9999999999999998
26,92,1.0
26,98,-0.9999999999999998
26,105,-1.0
26,114,0.8660254037844387
26,115,-1.0
26,129,0.012828950144769456
26,137,-0.9999999999999999
26,147,0.9999999999999998
26,162,-1.0
26,177,-0.9999999999999998
27,4,1.0
27,10,0.9999999999999999
27,15,1.0
27,17,0.9999999999999998
27,18,1.0
27,27,0.9999999999999998
27,55,0.9999999999999999
27,58,0.9999999999999998
27,62,-0.9999999999999998
27,69,0.3273268353539909
27,71,-0.9999999999999999
27,75,-1.0
27,82,1.0
27,94,-1.0
27,103,-0.5960395606792699
27,119,-0.9999999999999998
27,122,0.9999999999999998
27,139,-0.9999999999999998
27,140,1.0
27,143,-1.0
27,156,0.9933992677987828
27,157,-1.0
27,175,0.9999999999999998
28,3,1.0
28,21,-0.9999999999999999
28,28,0.9999999999999998
28,33,-0.9999999999999998
28,39,0.9999999999999998
28,46,-0.9999999999999998
28,56,-0.9999999999999998
28,80,-0.9999999999999998
28,86,0.9999999999999998
28,111,0.9999999999999998
28,130,1.0
28,136,0.9999999999999999
28,137,0.9999999999999998
28,153,0.9999999999999999
28,154,-1.0
28,169,0.9999999999999999
28,173,0.6933752452815358
28,177,0.9999999999999999
29,4,-0.8660254037844388
29,5,-0.9999999999999998
29,9,-0.9999999999999998
29,13,0.9999999999999998
29,15,-0.9962709627734363
29,24,-1.0
29,25,0.9999999999999998
29,29,0.9999999999999999
29,36,-1.0
29,46,0.9999999999999999
29,53,1.0
29,57,1.0
29,59,-1.0
29,78,0.9999999999999998
29,89,-1.0
29,95,-0.32732683535398865
29,104,-1.0
29,149,1.0
29,163,0.9999999999999998
29,167,-0.9999999999999998
29,170,1.0
29,171,-1.0
30,5,1.0
30,9,0.9878291611472666
30,14,1.0
30,19,0.9999999999999998
30,21,0.08219949365267763
30,30,1.0
30,33,-1.0
30,39,-0.9999999999999998
30,73,0.8660254037844389
30,80,-1.0
30,131,-1.0
30,132,0.9819805060619657
30,144,-0.9999999999999998
30,145,-1.0
30,153,0.9999999999999998
30,174,-1.0
31,2,0.9999999999999998
31,4,0.9999999999999999
31,5,0.5694947974514993
31,7,-1.0
31,9,-0.9999999999999998
31,14,-1.0
31,19,-0.9999999999999998
31,24,1.0
31,31,1.0
31,32,-1.0
31,36,0.14285714285714232
31,53,-0.9999999999999998
31,59,1.0
31,66,0.9999999999999998
31,84,-1.0
31,88,-0.9999999999999998
31,93,-1.0
31,104,-1.0
31,141,-0.8660254037844379
31,147,0.9999999999999999
31,149,-0.9999999999999998
31,158,0.5101044905158807
31,171,-0.9999999999999998
31,172,-1.0
31,173,1.0
31,176,0.9999999999999998
31,179,0.9999999999999998
32,1,1.0
32,7,0.9999999999999998
32,13,1.0
32,31,-1.0
32,32,1.0
32,38,-0.9999999999999998
32,58,-0.9999999999999998
32,73,0.5000000000000053
32,75,0.9999999999999998
32,86,-1.0
32,95,-0.9999999999999998
32,100,1.0
32,101,-0.9999999999999998
32,102,-1.0
32,104,-0.9999999999999999
32,110,0.9999999999999998
32,112,1.0
32,113,0.9999999999999998
32,121,0.6199304198780666
32,123,0.866025403784439
32,124,1.0
32,156,0.9999999999999998
32,159,0.999597126150305
32,172,0.277350098112614
32,179,0.9999999999999998
33,1,-0.9999999999999998
33,6,-1.0
33,12,0.9999999999999998
33,28,-0.9999999999999998
33,30,-1.0
33,33,0.9999999999999999
33,34,1.0
33,45,1.0
33,47,-1.0
33,51,1.0
33,54,-0.9999999999999998
33,60,1.0
33,62,0.9999999999999999
33,68,0.9999999999999998
33,84,-1.0
33,98,1.0
33,100,1.0
33,105,-1.0
33,110,1.0
33,113,-0.7559289460184531
33,114,1.0
33,117,-0.9999999999999998
33,119,-1.0
33,120,-0.9999999999999999
33,122,-1.0
33,133,-0.9999999999999999
33,136,0.9999999999999998
33,138,0.9999999999999998
33,166,-0.9999999999999998
33,172,-0.9999999999999999
33,173,0.9999999999999998
34,11,-0.9999999999999998
34,15,1.0
34,19,-0.9999999999999998
34,33,1.0
34,34,1.0
34,35,-0.9683144553703062
34,36,0.9999999999999998
34,39,-0.9999999999999998
34,47,-1.0
34,62,0.9999999999999998
34,96,1.0
34,104,-0.9999999999999998
34,117,0.989743318610785
34,122,-1.0
34,129,-1.0
34,134,0.1889822365046137
34,154,-0.9999999999999998
34,158,1.0
34,159,1.0
34,160,0.9999999999999998
34,165,-0.9999999999999998
34,166,-1.0
34,171,-0.9999999999999998
34,176,1.0
34,179,-1.0
35,1,0.9912407071619311
35,6,-1.0
35,10,0.7559289460184578
35,22,0.9999999999999964
35,34,-0.9683144553703062
35,35,1.0
35,36,-1.0
35,40,1.0
35,42,0.9999999999999998
35,44,1.0
35,57,0.9999999999999998
35,62,-1.0
35,63,-0.7559289460184548
35,68,1.0
35,69,-0.9999999999999999
35,85,-1.0
35,92,1.0
35,95,-1.0
35,112,1.0
35,116,0.9999999999999998
35,117,-1.0
35,122,1.0
35,138,-1.0
35,140,-0.4999999999999993
35,147,0.9999999999999999
35,154,1.0
35,160,0.0
35,164,0.5000000000000002
35,166,0.9999999999999998
35,171,1.0
36,4,0.08219949365267885
36,5,1.0
36,7,-1.0
36,12,-1.0
36,13,-0.9999999999999998
36,17,-0.9999999999999999
36,19,-0.9999999999999998
36,29,-1.0
36,31,0.14285714285714307
36,34,0.9999999999999998
36,35,-1.0
36,36,0.9999999999999999
36,37,1.0
36,38,1.0
36,43,-1.0
36,48,1.0
36,58,-0.8386278693775342
36,63,0.9999999999999998
36,64,-1.0
36,73,1.0
36,79,-1.0
36,83,0.7395830105817527
36,84,0.9862413826124546
36,93,-0.2448510534371959
36,95,1.0
36,100,1.0
36,101,-0.9819805060619936
36,110,-1.0
36,117,-1.0
36,124,1.0
36,127,-1.0
36,132,-0.9999999999999998
36,148,0.8660254037844388
36,154,-1.0
36,155,1.0
36,158,0.8386278693775346
36,164,-0.9999999999999998
36,171,-0.6622661785325219
36,177,-0.9999999999999998
37,4,0.8660254037844387
37,36,1.0
37,37,1.0
37,67,0.8029550685469661
37,69,-0.9999999999999998
37,70,0.011585688927269192
37,73,0.9999999999999998
37,75,-1.0
37,77,-0.9999999999999998
37,105,-1.0
37,106,0.9878291611472624
37,116,0.0
37,124,-0.899954085146515
37,144,-0.9999999999999998
37,147,1.0
37,152,-0.9999999999999998
37,160,-0.9999999999999998
37,177,0.654653670707977
38,6,1.0
38,32,-0.9999999999999998
38,36,1.0
38,38,1.0
38,41,1.0
38,58,-0.5791779099407608
38,79,-1.0
38,110,0.9999999999999999
38,112,-0.9999999999999998
38,121,1.0
38,135,-1.0
38,156,-0.9999999999999998
38,166,-0.9843241382880906
38,168,0.9045340337332909
39,3,0.9999999999999999
39,12,-0.9999999999999998
39,28,0.9999999999999998
39,30,-0.9999999999999998
39,34,-0.9999999999999998
39,39,0.9999999999999999
39,41,-1.0
39,49,1.0
39,53,1.0
39,62,-0.9999999999999998
39,76,-0.8219949365267735
39,78,0.6933752452815364
39,92,1.0
39,93,-0.9999999999999998
39,104,-0.8525371202334081
39,128,1.0
39,132,1.0
39,144,0.9999999999999999
40,1,-0.7559289460184552
40,3,-1.0
40,5,-1.0
40,7,-0.9999999999999998
40,8,0.7650920556760058
40,10,0.7205766921228922
40,16,1.0
40,19,-0.8660254037844388
40,26,-1.0
40,35,1.0
40,40,1.0
40,50,0.0
40,57,-1.0
40,66,0.9999999999999998
40,67,-0.9449111825230666
40,71,0.899228803025897
40,72,0.8357661056711417
40,82,-1.0
40,87,1.0
40,94,0.9999999999999998
40,99,-1.0
40,102,-0.9999999999999998
40,105,0.9999999999999999
40,115,-1.0
40,116,-0.9999999999999998
40,122,1.0
40,125,0.9999999999999999
40,127,1.0
40,131,0.6998542122237653
40,144,0.9999999999999998
40,146,-1.0
40,158,-0.9999999999999998
40,176,-0.9999999999999999
41,3,-1.0
41,6,-0.5
41,8,1.0
41,16,-0.9999999999999999
41,21,0.9999999999999998
41,38,1.0
41,39,-1.0
41,41,1.0
41,42,-0.27735009811261424
41,48,-1.0
41,75,-0.9999999999999999
41,82,-0.34296226851232137
41,86,1.0
41,89,-1.0
41,90,0.023087854826980666
41,94,-0.6546536707079771
41,97,0.9999999999999998
41,99,-1.0
41,104,1.0
41,106,1.0
41,110,0.9999999999999998
41,140,-1.0
41,147,-0.9999999999999998
41,152,0.9999999999999998
41,159,1.0
41,169,-1.0
42,8,0.02421797398482414
42,9,1.0
42,10,-0.9999999999999999
42,13,0.9999999999999999
42,14,1.0
42,20,-1.0
42,25,-0.9999999999999998
42,35,0.9999999999999998
42,41,-0.27735009811261424
42,42,0.9999999999999999
42,48,-0.9999999999999999
42,53,0.8962581595302719
42,54,-0.9999999999999999
42,61,-1.0
42,64,-0.31093716760271095
42,74,0.9999999999999998
42,76,-0.9999999999999998
42,80,-1.0
42,82,-1.0
42,85,0.9999999999999998
42,87,1.0
42,94,-0.9999999999999998
42,110,0.9999999999999999
42,128,1.0
42,134,1.0
42,137,0.9999999999999998
42,150,-0.9941916256019211
42,176,0.9999999999999998
43,1,-0.9999999999999998
43,2,0.24019223070763077
43,11,1.0
43,12,0.9999999999999998
43,24,-1.0
43,36,-1.0
43,43,1.0
43,70,-1.0
43,79,0.6286185570937126
43,113,0.0
43,114,-1.0
43,117,0.9999999999999998
43,134,1.0
43,139,0.3333333333333333
43,153,1.0
43,159,-1.0
43,173,1.0
44,1,1.0
44,2,0.9819805060619649
44,3,-0.9999999999999998
44,4,0.9999999999999998
44,5,-0.9999999999999998
44,14,-1.0
44,15,0.9999999999999998
44,35,1.0
44,44,1.0
44,54,-0.4999999999999951
44,63,-0.9999999999999999
44,67,-1.0
44,68,-0.9332565252573826
44,69,-1.0
44,71,0.9999999999999998
44,73,-0.9999999999999998
44,75,-1.0
44,76,0.9999999999999998
44,90,-0.9999999999999998
44,92,1.0
44,109,-0.1889822365046205
44,116,-1.0
44,119,-0.9999999999999998
44,121,1.0
44,129,-0.9999999999999998
44,132,-0.9999999999999998
44,135,-1.0
44,168,0.9999999999999998
44,177,0.9999999999999999
44,178,-0.9999999999999998
45,7,-0.9999999999999998
45,12,0.9999999999999998
45,33,1.0
45,45,1.0
45,49,-0.9707253433941518
45,55,0.9999999999999999
45,65,0.3973597071195131
45,76,0.9999999999999998
45,80,-1.0
45,84,-1.0
45,86,-0.9449111825230864
45,89,-1.0
45,92,0.9999999999999998
45,98,-1.0
45,103,-1.0
45,107,0.987829161147262
45,110,-0.9999999999999998
45,121,-0.9999999999999998
45,122,0.9999999999999998
45,123,0.3015113445777637
45,127,0.9999999999999998
45,135,-1.0
45,140,1.0
45,145,-0.9999999999999999
45,158,-0.9999999999999998
45,166,0.9999999999999998
45,171,-1.0
45,172,0.9999999999999999
46,3,-1.0
46,9,-0.8979182455324988
46,12,-0.9999999999999999
46,13,-0.9999999999999998
46,28,-0.9999999999999998
46,29,0.9999999999999999
46,46,1.0
46,57,1.0
46,61,-0.5000000000000001
46,65,0.9999999999999999
46,73,0.9999999999999998
46,76,-1.0
46,81,-0.9999999999999998
46,83,1.0
46,84,-1.0
46,93,1.0
46,95,0.9939440959288617
46,104,-0.8660254037844388
46,105,0.9999999999999998
46,106,-1.0
46,108,0.9999999999999998
46,117,-1.0
46,119,0.0
46,125,0.9999999999999998
46,134,1.0
46,139,1.0
46,164,-0.9750002110024931
46,170,0.8029550685469584
47,1,0.9999999999999998
47,11,0.2773500981126186
47,15,0.9999999999999998
47,33,-1.0
47,34,-1.0
47,47,1.0
47,58,-1.0
47,66,0.5000000000000017
47,68,-1.0
47,76,1.0
47,89,0.1889822365046084
47,92,-0.9999999999999999
47,96,-0.8386278693775374
47,99,-0.9999999999999999
47,100,0.9999999999999999
47,105,-0.49999999999999956
47,118,-1.0
47,119,0.9999999999999998
47,122,1.0
47,124,1.0
47,131,1.0
47,141,-0.9999999999999998
47,159,-0.9999999999999998
47,164,0.8357661056711412
47,176,0.8660254037844384
48,2,-0.2661636551727047
48,5,1.0
48,6,-0.9999999999999998
48,7,-0.9999999999999998
48,8,0.9999999999999998
48,23,-0.9999999999999998
48,36,1.0
48,41,-1.0
48,42,-0.9999999999999999
48,48,1.0
48,49,-1.0
48,50,-0.5728558035947253
48,70,0.5960395606792867
48,72,-0.9999999999999999
48,74,-1.0
48,79,-0.08627959628145761
48,88,1.0
48,99,0.9999999999999998
48,110,-0.9999999999999998
48,116,-1.0
48,127,1.0
48,135,-0.9999999999999999
48,145,0.9999999999999998
48,154,-0.9999999999999998
48,160,-1.0
48,170,-0.9999999999999999
48,173,0.9999999999999998
48,174,-0.9999999999999999
49,2,-1.0
49,7,0.8029550685469656
49,11,1.0
49,12,-1.0
49,23,0.8660254037844387
49,24,1.0
49,25,0.9999999999999999
49,39,1.0
49,45,-0.9707253433941495
49,48,-1.0
49,49,0.9999999999999998
49,50,1.0
49,80,-1.0
49,88,0.9999999999999998
49,102,-1.0
49,123,0.5000000000000002
49,127,1.0
49,128,-0.26782783411485556
49,146,1.0
49,158,-0.9999999999999998
49,159,-1.0
50,2,-0.629940788348712
50,3,1.0
50,10,0.9999999999999998
50,13,-0.3394221166510667
50,22,0.9999999999999998
50,40,0.0
50,48,-0.5728558035947253
50,49,1.0
50,50,0.9999999999999999
50,54,-0.9862413826124558
50,66,-1.0
50,91,1.0
50,94,1.0
50,102,-1.0
50,110,-0.9999999999999998
50,115,1.0
50,116,1.0
50,121,1.0
50,127,1.0
50,128,-1.0
50,131,0.9999999999999998
50,134,-1.0
50,136,-1.0
50,144,-1.0
50,145,1.0
50,146,0.9999999999999998
50,154,-1.0
50,156,-1.0
50,160,1.0
51,2,0.0
51,3,-0.9176629354822465
51,5,-1.0
51,14,-1.0
51,33,1.0
51,51,0.9999999999999998
51,57,0.9999999999999998
51,72,-0.9999999999999998
51,73,-0.9999999999999998
51,90,-0.9999999999999998
51,98,-1.0
51,110,-1.0
51,114,-0.9819805060619639
51,118,-0.6933752452815355
51,121,-1.0
51,122,0.9999999999999998
51,127,0.9999999999999998
51,129,0.9999999999999998
51,145,-1.0
51,147,0.9999999999999998
51,154,1.0
51,162,0.0
52,6,-0.9999999999999998
52,14,0.9999999999999998
52,19,0.9999999999999998
52,21,-0.9999999999999998
52,25,-1.0
52,52,1.0
52,61,-0.9999999999999998
52,68,1.0
52,69,-0.9999999999999998
52,70,0.3273268353539909
52,77,-0.9999999999999998
52,85,0.9999999999999998
52,89,-1.0
52,107,-1.0
52,118,1.0
52,123,1.0
52,144,-0.9999999999999998
52,145,0.9999999999999998
52,161,-1.0
52,175,-0.142857142857143
53,9,0.4234151591787098
53,14,1.0
53,15,-0.9999999999999998
53,29,1.0
53,31,-0.9999999999999998
53,39,1.0
53,42,0.8962581595302719
53,53,0.9999999999999998
53,77,-1.0
53,78,1.0
53,82,-0.9999999999999998
53,89,-0.9999999999999998
53,97,0.9999999999999998
53,104,-1.0
53,119,1.0
53,147,-0.9999999999999998
53,150,0.9999999999999998
53,154,0.9999999999999998
53,162,0.9999999999999998
54,13,-0.9999999999999998
54,16,0.9999999999999998
54,19,-1.0
54,33,-0.9999999999999998
54,42,-0.9999999999999999
54,44,-0.4999999999999951
54,50,-0.9862413826124558
54,54,1.0
54,61,0.8910421112136289
54,62,-0.9999999999999998
54,63,-0.9999999999999998
54,71,-0.9999999999999998
54,80,0.8660254037844387
54,84,0.9999999999999998
54,105,-0.9999999999999998
54,110,-0.9999999999999998
54,111,1.0
54,114,-0.9999999999999998
54,115,-1.0
54,117,1.0
54,136,-0.9999999999999998
54,138,1.0
54,146,-1.0
55,3,-0.9999999999999998
55,12,-1.0
55,27,0.9999999999999999
55,45,0.9999999999999999
55,55,0.9999999999999999
55,56,-1.0
55,60,-0.12977713690461
55,61,0.9999999999999999
55,74,1.0
55,80,-0.9999999999999998
55,103,-0.9999999999999998
55,110,-1.0
55,127,-1.0
55,133,1.0
55,147,1.0
55,151,-1.0
55,157,-1.0
55,172,0.30542361089076286
55,179,-0.9819805060619622
56,4,-1.0
56,25,0.9999999999999998
56,28,-0.9999999999999998
56,55,-1.0
56,56,0.9999999999999999
56,70,0.9999999999999998
56,74,-1.0
56,86,1.0
56,92,0.8811039019443198
56,110,1.0
56,116,0.9999999999999999
56,129,0.9999999999999998
56,142,-1.0
56,156,-0.9999999999999998
56,162,-0.9999999999999998
56,169,1.0
56,172,-0.9999999999999999
57,2,-0.5000000000000002
57,21,-1.0
57,25,1.0
57,29,1.0
57,35,0.9999999999999998
57,40,-1.0
57,46,1.0
57,51,0.9999999999999998
57,57,0.9999999999999999
57,71,-1.0
57,84,1.0
57,95,0.8846153846153845
57,106,-0.9999999999999998
57,107,-0.9999999999999998
57,114,-1.0
57,116,-0.9999999999999998
57,130,-1.0
57,138,-0.9999999999999998
57,158,1.0
57,171,0.8660254037844402
57,173,-1.0
58,15,1.0
58,27,0.9999999999999998
58,32,-0.9999999999999998
58,36,-0.8386278693775353
58,38,-0.5791779099407608
58,47,-1.0
58,58,1.0
58,82,-0.9999999999999999
58,89,-0.9999999999999998
58,99,0.9999999999999998
58,112,0.6933752452815358
58,119,1.0
58,121,1.0
58,149,0.9999999999999998
58,154,0.8386278693775326
58,156,-0.9999999999999998
58,168,-0.12298800925361816
58,170,-1.0
58,178,0.9631231373018607
59,1,-0.277350098112611
59,2,-0.4999999999999867
59,5,-0.8660254037844385
59,11,0.500000000000001
59,17,1.0
59,22,0.9999999999999998
59,29,-1.0
59,31,1.0
59,59,0.9999999999999999
59,70,-0.9999999999999998
59,82,-0.9999999999999998
59,85,0.9999999999999998
59,91,0.5000000000000022
59,121,1.0
59,125,0.9999999999999999
59,143,0.9999999999999998
59,144,1.0
59,149,-0.9999999999999998
59,151,0.9999999999999998
59,155,-1.0
59,160,-0.32732683535398915
59,164,-0.9999999999999998
59,173,-0.9999999999999998
60,23,-0.9999999999999998
60,33,1.0
60,55,-0.12977713690461
60,60,0.9999999999999999
60,61,0.9999999999999998
60,69,-0.9999999999999999
60,72,0.18898223650461324
60,79,0.9999999999999999
60,90,-0.9406341620035445
60,103,-1.0
60,117,-0.9999999999999999
60,118,0.8660254037844396
60,126,-1.0
60,133,-0.9999999999999998
60,147,0.14285714285714285
60,151,1.0
60,152,0.9999999999999999
60,157,1.0
60,179,1.0
61,2,0.9999999999999999
61,10,-0.9999999999999998
61,12,-1.0
61,14,0.9999999999999999
61,16,0.34995661963667835
61,19,-0.9999999999999998
61,23,0.9999999999999998
61,42,-1.0
61,46,-0.5000000000000001
61,52,-0.9999999999999998
61,54,0.8910421112136333
61,55,0.9999999999999999
61,60,0.9999999999999998
61,61,1.0
61,63,0.38714713479666085
61,64,1.0
61,68,0.9999999999999998
61,73,1.0
61,83,-0.9999999999999999
61,92,-1.0
61,93,0.9999999999999998
61,95,-1.0
61,109,-1.0
61,115,0.49999999999998934
61,117,0.5447047794019227
61,127,-0.9999999999999998
61,138,0.9999999999999998
61,150,0.9999999999999998
61,161,-1.0
61,168,0.9999999999999998
61,177,-1.0
62,1,-0.9999999999999998
62,6,1.0
62,9,0.9999999999999998
62,11,0.9999999999999998
62,18,-0.9999999999999998
62,21,0.9999999999999787
62,22,-1.0
62,27,-0.9999999999999998
62,33,0.9999999999999999
62,34,0.9999999999999998
62,35,-1.0
62,39,-0.9999999999999998
62,54,-0.9999999999999998
62,62,0.9999999999999998
62,81,-0.9999999999999998
62,86,0.9999999999999998
62,87,0.9999999999999998
62,93,-0.9999999999999998
62,97,-0.9999999999999998
62,101,-0.9999999999999998
62,112,1.0
62,114,1.0
62,115,0.9999999999999998
62,120,-1.0
62,134,-1.0
62,136,-1.0
62,138,0.9999999999999998
62,149,-1.0
62,155,0.9999999999999998
62,156,-0.9999999999999998
62,157,1.0
62,163,1.0
62,165,1.0
62,168,0.0
62,179,-0.4234151591787119
63,2,-1.0
63,4,0.8660254037844264
63,5,0.9999999999999998
63,6,1.0
63,7,-0.9999999999999998
63,9,-0.9449111825230667
63,35,-0.7559289460184548
63,36,0.9999999999999998
63,44,-0.9999999999999999
63,54,-0.9999999999999998
63,61,0.38714713479666085
63,63,1.0
63,68,-0.9999999999999998
63,70,1.0
63,73,0.08219949365267633
63,84,-0.42341515917870953
63,105,0.9999999999999998
63,138,-1.0
63,141,-0.9999999999999998
63,174,-1.0
63,177,-0.9999999999999998
64,19,-0.9999999999999991
64,24,1.0
64,25,-0.9999999999999998
64,36,-1.0
64,42,-0.31093716760271095
64,61,1.0
64,64,1.0
64,84,-0.9999999999999998
64,87,-1.0
64,88,-0.9999999999999998
64,96,-1.0
64,108,-0.08627959628145765
64,132,1.0
64,137,0.9999999999999998
64,146,-0.9999999999999998
64,150,1.0
64,174,-0.108147614087175
65,1,-1.0
65,4,-0.9999999999999998
65,20,-1.0
65,26,1.0
65,45,0.3973597071195131
65,46,0.9999999999999999
65,65,0.9999999999999999
65,66,0.9999999999999998
65,76,0.9999999999999998
65,81,-0.9999999999999998
65,84,-0.08219949365267867
65,87,-1.0
65,89,1.0
65,98,-1.0
65,104,-0.9999999999999998
65,106,0.9999999999999998
65,107,-0.7756710063309422
65,119,1.0
65,123,-0.9999999999999998
65,124,-1.0
65,128,0.31457081623286454
65,130,-1.0
65,148,0.1889822365046132
65,157,-1.0
65,158,-0.9999999999999998
65,173,1.0
65,174,0.9999999999999998
66,8,0.9999999999999998
66,10,1.0
66,31,0.9999999999999998
66,40,0.9999999999999998
66,47,0.5000000000000017
66,50,-1.0
66,65,0.9999999999999998
66,66,1.0
66,67,0.9999999999999998
66,69,0.9999999999999999
66,71,1.0
66,73,1.0
66,74,1.0
66,76,-0.6933752452815372
66,77,1.0
66,87,0.9962709627734359
66,88,-0.13206763594884355
66,92,0.2395939925913801
66,97,0.5000000000000001
66,99,-1.0
66,103,-1.0
66,105,1.0
66,108,-1.0
66,110,0.9999999999999998
66,111,0.9999999999999998
66,118,-0.9607689228305296
66,129,-0.9999999999999998
66,141,-0.9449111825230629
66,144,1.0
66,150,0.9999999999999998
66,174,0.9999999999999998
66,176,0.8660254037844355
67,5,0.9999999999999998
67,8,0.9999999999999998
67,9,0.4999999999999992
67,15,1.0
67,19,1.0
67,24,1.0
67,37,0.8029550685469661
67,40,-0.9449111825230686
67,44,-1.0
67,66,0.9999999999999998
67,67,1.0
67,68,0.9707253433941515
67,70,0.9999999999999998
67,71,-1.0
67,72,-1.0
67,83,-0.9999999999999998
67,84,-0.9999999999999998
67,85,0.9999999999999998
67,89,1.0
67,94,-0.9999999999999998
67,97,-1.0
67,106,-0.9999999999999998
67,116,1.0
67,118,1.0
67,141,0.9999999999999998
67,163,-0.9999999999999998
67,175,-0.9999999999999998
67,177,-0.9999999999999998
68,1,0.7205766921228923
68,2,1.0
68,3,0.9707253433941487
68,17,-0.9999999999999998
68,18,-0.8660254037844402
68,24,1.0
68,25,-0.9999999999999998
68,33,0.9999999999999998
68,35,1.0
68,44,-0.9332565252573826
68,47,-1.0
68,52,1.0
68,61,0.9999999999999998
68,63,-0.9999999999999998
68,67,0.9707253433941515
68,68,1.0
68,69,-0.9999999999999998
68,113,0.9999999999999998
68,115,1.0
68,116,0.8910421112136305
68,122,-1.0
68,138,-0.9707253433941505
68,141,0.5960395606792694
68,151,0.9999999999999998
68,157,0.9999999999999998
68,163,-1.0
68,175,0.9999999999999998
69,4,0.9999999999999998
69,27,0.3273268353539909
69,35,-0.9999999999999999
69,37,-0.9999999999999998
69,44,-1.0
69,52,-0.9999999999999998
69,60,-0.9999999999999999
69,66,0.9999999999999999
69,68,-0.9999999999999998
69,69,1.0
69,70,-0.9999999999999998
69,71,-0.9999999999999999
69,76,-1.0
69,77,-0.1889822365046136
69,92,-1.0
69,96,-0.9999999999999998
69,102,-0.9999999999999998
69,103,-0.8660254037844402
69,111,0.9999999999999998
69,118,-1.0
69,129,-0.9999999999999998
69,132,1.0
69,143,-0.7824666287099529
69,144,1.0
69,147,-0.9999999999999998
69,156,1.0
69,157,0.9999999999999998
70,1,0.27735009811261385
70,2,-0.9999999999999998
70,4,-0.9762210399274297
70,5,0.3592106040535495
70,11,-1.0
70,14,-0.9999999999999998
70,15,-1.0
70,20,-1.0
70,24,-0.9999999999999998
70,37,0.011585688927269192
70,43,-1.0
70,48,0.5960395606792867
70,52,0.3273268353539909
70,56,0.9999999999999998
70,59,-0.9999999999999998
70,63,1.0
70,67,0.9999999999999998
70,69,-0.9999999999999998
70,70,1.0
70,72,-0.9707253433941764
70,74,-0.9999999999999998
70,77,0.9819805060619639
70,84,-0.9999999999999998
70,86,0.9999999999999998
70,89,0.8910421112136316
70,90,-1.0
70,105,0.9999999999999998
70,106,0.1889822365046138
70,116,0.5447047794019224
70,118,-1.0
70,124,-0.9824666109905364
70,126,-0.9999999999999998
70,143,0.9999999999999998
70,156,-1.0
70,160,-0.9999999999999998
70,161,-1.0
70,173,-1.0
70,177,-0.2401922307076306
71,4,0.9999999999999998
71,8,0.970725343394151
71,21,-0.9999999999999998
71,27,-0.9999999999999999
71,40,0.899228803025897
71,44,0.9999999999999998
71,54,-0.9999999999999998
71,57,-1.0
71,66,1.0
71,67,-0.9999999999999984
71,69,-0.9999999999999999
71,71,1.0
71,72,0.7857142857142875
71,83,-0.5773502691896257
71,84,-0.5563279654601043
71,87,1.0
71,103,-0.05763904177042328
71,116,0.0524142418360974
71,122,1.0
71,130,-0.9999999999999998
71,131,-0.9999999999999998
71,149,0.9999999999999998
71,163,0.9999999999999998
71,171,1.0
72,2,0.9999999999999998
72,3,1.0
72,7,-1.0
72,14,-1.0
72,16,1.0
72,18,0.9999999999999998
72,40,0.8357661056711411
72,48,-0.9999999999999999
72,51,-0.9999999999999998
72,60,0.18898223650461526
72,67,-1.0
72,70,-0.9707253433941824
72,71,0.7857142857142859
72,72,1.0
72,89,0.9999999999999998
72,103,-1.0
72,116,0.11470786693528173
72,118,-0.0907841299003204
72,141,-1.0
72,151,1.0
72,160,1.0
72,179,-0.9999999999999999
73,2,0.9999999999999999
73,4,0.38395525522930435
73,9,-0.3651483716701107
73,12,-1.0
73,16,-1.0
73,18,0.9999999999999998
73,26,0.9999999999999998
73,30,0.8660254037844389
73,32,0.5000000000000053
73,36,1.0
73,37,0.9999999999999998
73,44,-0.9999999999999998
73,46,0.9999999999999998
73,51,-0.9999999999999998
73,61,1.0
73,63,0.08219949365267984
73,66,1.0
73,73,1.0
73,92,-0.2401922307076324
73,95,-1.0
73,99,-0.9999999999999999
73,105,0.9999999999999998
73,108,-1.0
73,114,-0.9999999999999998
73,115,-0.9011271137791661
73,118,1.0
73,121,-1.0
73,123,1.0
73,137,-0.9999999999999998
73,161,0.9999999999999998
73,162,-0.9285714285714266
73,177,-1.0
74,1,0.9999999999999998
74,6,-0.9999999999999998
74,11,0.9999999999999998
74,24,1.0
74,25,-0.9999999999999998
74,42,0.9999999999999998
74,48,-1.0
74,55,1.0
74,56,-1.0
74,66,1.0
74,70,-0.9999999999999998
74,74,1.0
74,76,-0.9999999999999998
74,82,-1.0
74,85,-0.944911182523068
74,87,-0.9999999999999998
74,88,-0.9999999999999998
74,94,-0.9999999999999998
74,99,0.6933752452815365
74,104,0.9999999999999998
74,120,-1.0
74,141,-0.1889822365046137
74,148,1.0
74,151,-0.997176464952734
74,164,1.0
74,169,0.0
74,179,-1.0
75,6,0.9999999999999998
75,11,0.9999999999999998
75,14,0.9999999999999998
75,15,0.9999999999999998
75,16,0.9695485958961325
75,27,-1.0
75,32,0.9999999999999998
75,37,-1.0
75,41,-0.9999999999999999
75,44,-1.0
75,75,1.0
75,76,-1.0
75,80,1.0
75,94,1.0
75,111,0.9999999999999998
75,112,-1.0
75,113,0.9999999999999998
75,116,1.0
75,136,-1.0
75,138,0.9999999999999998
75,139,0.9999999999999998
75,140,-1.0
75,152,1.0
75,165,-0.9999999999999998
75,167,-0.9999999999999998
76,3,-0.9999999999999998
76,39,-0.8219949365267735
76,42,-0.9999999999999998
76,44,0.9999999999999998
76,45,0.9999999999999998
76,46,-1.0
76,47,1.0
76,65,0.9999999999999998
76,66,-0.693375245281549
76,69,-1.0
76,74,-0.9999999999999998
76,75,-1.0
76,76,0.9999999999999999
76,87,-0.9999999999999998
76,92,-1.0
76,94,-0.9999999999999998
76,111,-0.9999999999999998
76,113,-0.9999999999999998
76,119,0.9999999999999998
76,126,0.9999999999999998
76,136,0.9999999999999998
76,158,-0.3273268353539888
76,168,0.9999999999999998
76,169,-0.9999999999999984
76,170,-1.0
76,176,-0.4495611895592131
77,4,-1.0
77,8,0.9999999999999998
77,13,0.9999999999999999
77,37,-0.9999999999999998
77,52,-0.9999999999999998
77,53,-1.0
77,66,1.0
77,69,-0.1889822365046136
77,70,0.9819805060619639
77,77,1.0
77,78,0.11470786693528004
77,85,1.0
77,93,-0.9999999999999998
77,110,0.5940885257860045
77,112,-1.0
77,113,1.0
77,114,-0.49999999999999856
77,118,1.0
77,135,1.0
77,147,1.0
77,150,-1.0
77,153,-1.0
77,156,-1.0
77,157,1.0
77,158,0.9999999999999999
77,168,-1.0
77,175,-0.9999999999999998
78,19,-0.7102658741205988
78,29,0.9999999999999998
78,39,0.6933752452815372
78,53,1.0
78,77,0.11470786693528494
78,78,1.0
78,97,-0.9999999999999998
78,114,0.9999999999999999
78,132,0.24019223070763066
78,144,-1.0
78,145,0.9819805060619662
78,158,1.0
78,163,1.0
78,167,0.9631231373018595
78,168,0.5000000000000107
79,2,0.9999999999999998
79,3,-0.9999999999999998
79,4,0.6933752452815366
79,6,0.9999999999999998
79,36,-1.0
79,38,-1.0
79,43,0.6286185570937121
79,48,-0.08627959628145761
79,60,0.9999999999999999
79,79,1.0
79,83,-1.0
79,90,-0.9999999999999999
79,99,-0.9543794433793743
79,118,0.9999999999999998
79,132,-1.0
79,134,-0.9999999999999998
79,139,-1.0
79,143,0.9999999999999998
79,149,0.9999999999999998
79,153,-0.9999999999999998
79,154,0.9999999999999998
79,166,1.0
79,170,1.0
79,173,0.6628489803598707
80,4,-0.797016770218748
80,5,-0.9999999999999998
80,7,0.9999999999999998
80,8,-1.0
80,9,-0.6933752452815484
80,22,-1.0
80,23,-0.9999999999999998
80,25,-1.0
80,28,-0.9999999999999998
80,30,-1.0
80,42,-1.0
80,45,-1.0
80,49,-1.0
80,54,0.8660254037844387
80,55,-0.9999999999999998
80,75,1.0
80,80,0.9999999999999998
80,81,0.9999999999999998
80,102,0.9999999999999998
80,103,-0.12725695259515657
80,111,-0.9999999999999998
80,117,1.0
80,123,-1.0
80,130,-1.0
80,136,-1.0
80,139,-0.9999999999999998
80,140,-1.0
80,149,0.9999999999999999
80,150,-0.9999999999999998
80,151,-1.0
80,164,-1.0
81,9,0.9449111825230679
81,13,0.953820966476532
81,21,-0.9285714285714314
81,46,-0.9999999999999998
81,62,-0.9999999999999998
81,65,-0.9999999999999998
81,80,0.9999999999999998
81,81,1.0
81,103,-0.3592106040535531
81,107,0.9999999999999999
81,123,-0.7559289460184544
81,125,-0.654653670707977
81,137,0.24019223070763082
81,139,-0.9999999999999998
81,140,1.0
81,153,-1.0
81,179,1.0
82,3,1.0
82,5,0.9999999999999998
82,6,-0.9999999999999999
82,10,-0.896258159530272
82,15,0.9999999999999998
82,17,1.0
82,23,0.2773500981126146
82,27,1.0
82,40,-1.0
82,41,-0.34296226851232137
82,42,-1.0
82,53,-0.9999999999999998
82,58,-0.9999999999999999
82,59,-0.9999999999999998
82,74,-1.0
82,82,1.0
82,94,-0.9999999999999998
82,109,1.0
82,140,-1.0
82,153,-0.9999999999999998
82,154,0.9999999999999998
82,160,-1.0
82,164,1.0
82,165,0.9999999999999998
82,166,-0.9999999999999998
82,177,1.0
82,179,0.9999999999999998
83,4,-0.987829161147262
83,11,1.0
83,17,-0.9999999999999998
83,36,0.7395830105817527
83,46,1.0
83,61,-0.9999999999999999
83,67,-0.9999999999999998
83,71,-0.5773502691896257
83,79,-1.0
83,83,1.0
83,84,0.9999999999999998
83,94,-1.0
83,101,0.9999999999999998
83,113,0.6933752452815369
83,123,1.0
83,142,-0.499999999999991
83,159,0.9994237971287665
83,163,0.9999999999999998
83,167,0.9999999999999999
83,170,-0.9999999999999998
83,171,-1.0
84,1,-0.4703170810017723
84,4,0.8660254037844402
84,7,1.0
84,11,-1.0
84,19,-0.9999999999999998
84,31,-1.0
84,33,-1.0
84,36,0.9862413826124546
84,45,-1.0
84,46,-1.0
84,54,0.9999999999999998
84,57,1.0
84,63,-0.4234151591787106
84,64,-0.9999999999999998
84,65,-0.08219949365267867
84,67,-0.9999999999999998
84,70,-0.9999999999999998
84,71,-0.5563279654601043
84,83,0.9999999999999998
84,84,1.0
84,85,1.0
84,91,-1.0
84,104,-1.0
84,105,0.1147078669352805
84,106,0.9999999999999999
84,107,0.6933752452815366
84,115,-1.0
84,116,-1.0
84,155,1.0
84,158,-1.0
84,163,0.9999999999999998
84,174,-0.4038903479007803
85,1,-0.9999999999999998
85,8,-0.9999999999999998
85,10,0.9999999999999998
85,18,-1.0
85,35,-1.0
85,42,0.9999999999999998
85,52,0.9999999999999998
85,59,0.9999999999999998
85,67,0.9999999999999998
85,74,-0.944911182523068
85,77,1.0
85,84,1.0
85,85,1.0
85,94,-0.6933752452815495
85,141,0.9999999999999998
85,151,0.9999999999999998
85,164,0.499999999999993
86,11,-1.0
86,21,1.0
86,22,0.9999999999999998
86,28,0.9999999999999998
86,32,-1.0
86,41,1.0
86,45,-0.9449111825230864
86,56,1.0
86,62,0.9999999999999998
86,70,0.9999999999999998
86,86,1.0
86,89,-0.739583010581753
86,108,-0.9999999999999998
86,110,0.9999999999999998
86,113,-1.0
86,140,-0.9999999999999998
86,159,0.46632137126854417
86,174,0.9999999999999998
87,8,0.9999999999999999
87,10,0.9999999999999998
87,40,1.0
87,42,1.0
87,62,0.9999999999999998
87,64,-1.0
87,65,-1.0
87,66,0.9962709627734359
87,71,1.0
87,74,-0.9999999999999998
87,76,-0.9999999999999998
87,87,0.9999999999999998
87,93,0.9999999999999998
87,99,-0.9999999999999998
87,128,-1.0
87,135,1.0
87,144,1.0
87,161,-0.39735970711951324
87,174,1.0
87,178,0.9999999999999999
88,6,0.9999999999999998
88,10,0.9999999999999999
88,23,-0.9999999999999998
88,24,-0.9999999999999998
88,31,-0.9999999999999998
88,48,1.0
88,49,0.9999999999999998
88,64,-0.9999999999999998
88,66,-0.13206763594884355
88,74,-0.9999999999999998
88,88,0.9999999999999998
88,97,-0.3857271381445888
88,125,-0.9999999999999999
88,132,-0.9999999999999998
88,156,0.9999999999999998
88,158,1.0
88,165,1.0
88,171,1.0
88,174,0.0
89,2,-1.0
89,6,0.9999999999999998
89,20,0.9999999999999998
89,24,-0.9999999999999998
89,29,-1.0
89,41,-1.0
89,45,-1.0
89,47,0.1889822365046084
89,52,-1.0
89,53,-0.9999999999999998
89,58,-0.9999999999999998
89,65,1.0
89,67,1.0
89,70,0.8910421112136305
89,72,0.9999999999999998
89,86,-0.7395830105817525
89,89,1.0
89,90,-0.8660254037844447
89,94,-0.9999999999999998
89,107,-0.9999999999999999
89,118,-0.9999999999999998
89,119,1.0
89,132,0.8660254037844387
89,161,-0.9999999999999998
89,162,-0.9999999999999998
89,168,1.0
90,2,-1.0
90,3,0.6099942813304186
90,20,1.0
90,41,0.023087854826980666
90,44,-0.9999999999999998
90,51,-0.9999999999999998
90,60,-0.9406341620035445
90,70,-1.0
90,79,-0.9999999999999999
90,89,-0.8660254037844447
90,90,1.0
90,97,-1.0
90,104,0.9999999999999999
90,118,-0.9999999999999998
90,119,-0.9999999999999998
90,133,0.8660254037844387
90,144,0.9999999999999998
90,147,-0.452966579569162
90,152,0.9999999999999999
90,162,-0.9707253433941515
90,163,-1.0
90,173,-1.0
91,17,-0.9999999999999998
91,50,1.0
91,59,0.499999999999998
91,84,-1.0
91,91,1.0
91,92,0.6758453353343747
91,99,1.0
91,112,-0.59603956067927
91,113,0.9449111825230653
91,125,-0.8029550685469666
91,127,1.0
91,129,-1.0
91,130,-1.0
91,160,0.9999999999999999
91,166,-0.9999999999999998
91,173,-0.16609095970747995
92,4,-1.0
92,12,-1.0
92,14,0.9999999999999999
92,20,-0.3273268353539886
92,26,1.0
92,35,1.0
92,39,1.0
92,44,1.0
92,45,0.9999999999999998
92,47,-0.9999999999999999
92,56,0.8811039019443198
92,61,-1.0
92,66,0.2395939925913801
92,69,-1.0
92,73,-0.2401922307076324
92,76,-1.0
92,91,0.6758453353343747
92,92,0.9999999999999999
92,95,0.9999999999999998
92,99,-1.0
92,110,-0.9999999999999998
92,112,0.18898223650461266
92,116,1.0
92,118,-0.9999999999999998
92,127,0.9999999999999992
92,128,1.0
92,129,0.9683006310306362
92,149,1.0
92,169,-0.9999999999999998
92,171,0.9999999999999998
92,176,-0.9999999999999999
92,177,1.0
93,13,0.5329387100211929
93,22,1.0
93,24,1.0
93,31,-1.0
93,36,-0.2448510534371959
93,39,-0.9999999999999998
93,46,1.0
93,61,0.9999999999999998
93,62,-0.9999999999999998
93,77,-0.9999999999999998
93,87,0.9999999999999998
93,93,0.9999999999999999
93,101,0.9900718965708228
93,121,1.0
93,122,0.9999999999999998
93,125,0.9999999999999999
93,176,-1.0
94,6,-0.9999999999999998
94,13,-0.2679575381212942
94,14,-1.0
94,18,-0.9999999999999998
94,24,-0.9999999999999998
94,27,-1.0
94,40,0.9999999999999998
94,41,-0.6546536707079771
94,42,-0.9999999999999998
94,50,1.0
94,67,-0.9999999999999998
94,74,-0.9999999999999998
94,75,1.0
94,76,-0.9999999999999998
94,82,-0.9999999999999998
94,83,-1.0
94,85,-0.6933752452815495
94,89,-0.9999999999999998
94,94,1.0
94,108,1.0
94,113,0.9999999999999998
94,132,-1.0
94,136,0.9999999999999998
94,140,-1.0
94,153,0.9999999999999998
94,165,-0.6546536707079768
95,12,-1.0
95,20,1.0
95,24,1.0
95,29,-0.32732683535398865
95,32,-0.9999999999999998
95,35,-1.0
95,36,1.0
95,46,0.9939440959288626
95,57,0.8846153846153845
95,61,-1.0
95,73,-1.0
95,92,0.9999999999999998
95,95,1.0
95,103,1.0
95,104,-1.0
95,114,1.0
95,117,-0.9999999999999998
95,125,-0.9999999999999999
95,128,1.0
95,142,0.500000000000001
95,148,1.0
95,169,0.9999999999999998
96,11,-1.0
96,34,1.0
96,47,-0.8386278693775374
96,64,-1.0
96,69,-0.9999999999999998
96,96,1.0
96,97,0.9999999999999998
96,99,-1.0
96,117,0.9999999999999998
96,139,1.0
97,1,0.9999999999999998
97,9,-0.8029550685469661
97,10,-1.0
97,20,-0.4999999999999982
97,24,-0.9999999999999999
97,41,0.9999999999999998
97,53,0.9999999999999998
97,62,-0.9999999999999998
97,66,0.5000000000000001
97,67,-1.0
97,78,-0.9999999999999998
97,88,-0.3857271381445888
97,90,-1.0
97,96,0.9999999999999998
97,97,1.0
97,105,1.0
97,108,-0.9999999999999998
97,114,-0.9999999999999998
97,132,-0.9999999999999999
97,133,-0.7638572897092744
97,144,-1.0
97,145,-0.9999999999999999
97,147,-1.0
97,150,1.0
97,163,-1.0
97,178,1.0
97,179,-0.9999999999999998
98,10,0.9999999999999998
98,15,-1.0
98,26,-0.9999999999999998
98,33,1.0
98,45,-1.0
98,51,-1.0
98,65,-1.0
98,98,1.0
98,106,-1.0
98,107,-1.0
98,112,0.9999999999999998
98,114,0.9999999999999998
98,143,-0.9999999999999998
98,165,-0.6933752452815225
98,166,-1.0
98,170,1.0
99,4,-1.0
99,11,0.9999999999999999
99,40,-1.0
99,41,-1.0
99,47,-0.9999999999999999
99,48,0.9999999999999998
99,58,0.9999999999999998
99,66,-1.0
99,73,-0.9999999999999999
99,74,0.6933752452815365
99,79,-0.9543794433793743
99,87,-0.9999999999999998
99,91,1.0
99,92,-1.0
99,96,-1.0
99,99,1.0
99,112,-1.0
99,159,0.9999999999999999
99,166,-1.0
100,16,-0.2773500981126146
100,22,1.0
100,23,-1.0
100,32,1.0
100,33,1.0
100,36,1.0
100,47,0.9999999999999999
100,100,1.0
100,105,-0.9999999999999998
100,106,0.9999999999999998
100,110,-1.0
100,121,1.0
100,122,1.0
100,124,1.0
100,156,-1.0
100,164,0.9999999999999998
101,3,0.9999999999999999
101,4,0.9999999999999998
101,13,1.0
101,17,0.9999999999999999
101,18,1.0
101,22,1.0
101,32,-0.9999999999999998
101,36,-0.9819805060619936
101,62,-0.9999999999999998
101,83,0.9999999999999998
101,93,0.9900718965708235
101,101,0.9999999999999999
101,102,1.0
101,103,0.9999999999999998
101,107,1.0
101,118,0.06819943394704735
101,121,-0.9999999999999998
101,124,0.9999999999999998
101,125,1.0
101,142,-0.9999999999999998
101,143,-0.9999999999999998
101,155,0.5204014838815373
101,157,-0.9999999999999998
101,158,-0.9999999999999998
101,162,-0.9999999999999998
101,167,1.0
101,176,1.0
101,177,-0.9999999999999998
102,2,1.0
102,4,-0.9999999999999998
102,5,0.5000000000000036
102,10,-0.9999999999999998
102,22,0.9999999999999998
102,23,0.6888467201936644
102,32,-1.0
102,40,-0.9999999999999998
102,49,-1.0
102,50,-1.0
102,69,-0.9999999999999998
102,80,0.9999999999999998
102,101,1.0
102,102,1.0
102,111,1.0
102,121,0.9999999999999998
102,123,-0.2773500981126145
102,124,0.5007733956671914
102,128,1.0
102,138,0.9999999999999998
102,146,-1.0
102,150,-1.0
103,27,-0.5960395606792699
103,45,-1.0
103,55,-0.9999999999999998
103,60,-1.0
103,66,-1.0
103,69,-0.8660254037844402
103,71,-0.05763904177042328
103,72,-1.0
103,80,-0.12725695259515657
103,81,-0.3592106040535531
103,95,1.0
103,101,0.9999999999999998
103,103,1.0
103,125,0.9999999999999999
103,132,-0.9999999999999998
103,139,0.6546536707079769
103,140,-1.0
103,148,-1.0
103,151,-1.0
103,172,0.9999999999999998
103,179,0.9999999999999998
104,8,-0.9999999999999998
104,29,-1.0
104,31,-1.0
104,32,-0.9999999999999999
104,34,-0.9999999999999998
104,39,-0.8525371202334081
104,41,1.0
104,46,-0.8660254037844388
104,53,-1.0
104,65,-0.9999999999999998
104,74,0.9999999999999998
104,84,-1.0
104,90,0.9999999999999999
104,95,-1.0
104,104,1.0
104,107,-0.7631504566594772
104,128,1.0
104,142,-1.0
104,144,0.9999999999999998
104,148,-1.0
104,157,1.0
104,159,-1.0
105,1,0.5000000000000002
105,4,-0.9999999999999998
105,7,-1.0
105,17,1.0
105,20,0.9999999999999998
105,26,-1.0
105,33,-1.0
105,37,-1.0
105,40,0.9999999999999999
105,46,0.9999999999999998
105,47,-0.49999999999999956
105,54,-0.9999999999999998
105,63,0.9999999999999998
105,66,1.0
105,70,0.9999999999999998
105,73,0.9999999999999998
105,84,0.11470786693528172
105,97,1.0
105,100,-0.9999999999999998
105,105,1.0
105,106,1.0
105,114,1.0
105,116,1.0
105,147,1.0
105,162,1.0
105,176,1.0
105,177,-0.14285714285714285
106,1,0.9999999999999998
106,20,0.9999999999999998
106,37,0.9878291611472624
106,41,1.0
106,46,-1.0
106,57,-0.9999999999999998
106,65,0.9999999999999998
106,67,-0.9999999999999998
106,70,0.1889822365046138
106,84,0.9999999999999999
106,98,-1.0
106,100,0.9999999999999998
106,105,1.0
106,106,1.0
106,109,-1.0
106,122,1.0
106,164,0.9999999999999998
106,173,1.0
107,2,-0.9999999999999998
107,18,-0.9999999999999998
107,45,0.987829161147262
107,52,-1.0
107,57,-0.9999999999999998
107,65,-0.7756710063309422
107,81,0.9999999999999999
107,84,0.6933752452815366
107,89,-0.9999999999999999
107,98,-1.0
107,101,1.0
107,104,-0.7631504566594772
107,107,0.9999999999999999
107,112,-0.9999999999999998
107,123,0.9999999999999999
107,144,1.0
107,148,0.9999999999999998
107,157,0.9999999999999998
107,159,1.0
108,8,0.8660254037844402
108,9,0.9999999999999998
108,10,-0.9999999999999998
108,21,0.9999999999999998
108,25,-1.0
108,46,0.9999999999999998
108,64,-0.08627959628145765
108,66,-1.0
108,73,-1.0
108,86,-0.9999999999999998
108,94,1.0
108,97,-0.9999999999999998
108,108,1.0
108,134,0.052414241836095936
108,146,-0.9068666081678056
108,175,1.0
109,5,0.9999999999999998
109,10,0.27735009811261274
109,44,-0.1889822365046205
109,61,-1.0
109,82,1.0
109,106,-0.9999999999999918
109,109,1.0
109,122,-1.0
109,132,-0.18898223650461635
109,143,0.9999999999999998
109,160,0.9999999999999998
110,8,-0.9285714285714323
110,32,0.9999999999999998
110,33,1.0
110,36,-1.0
110,38,0.9999999999999999
110,41,0.9999999999999998
110,42,0.9999999999999999
110,45,-0.9999999999999998
110,48,-0.9999999999999998
110,50,-0.9999999999999998
110,51,-1.0
110,54,-0.9999999999999998
110,55,-1.0
110,56,1.0
110,66,0.9999999999999998
110,77,0.5940885257860045
110,86,0.9999999999999998
110,92,-0.9999999999999998
110,100,-1.0
110,110,0.9999999999999999
110,114,-0.9999999999999998
110,127,-0.9999999999999998
110,133,0.9999999999999998
110,156,-1.0
110,171,-1.0
111,16,0.8811039019443196
111,23,-0.5057805388588732
111,28,0.9999999999999998
111,54,1.0
111,66,0.9999999999999998
111,69,0.9999999999999998
111,75,0.9999999999999998
111,76,-0.9999999999999998
111,80,-0.9999999999999998
111,102,1.0
111,111,1.0
111,126,-0.9999999999999998
111,143,-0.9999999999999999
111,145,0.9999999999999999
111,152,0.9999999999999998
111,164,1.0
112,1,-0.5000000000000057
112,2,1.0
112,32,1.0
112,35,1.0
112,38,-0.9999999999999998
112,58,0.6933752452815358
112,62,1.0
112,75,-1.0
112,77,-1.0
112,91,-0.59603956067927
112,92,0.18898223650461266
112,98,0.9999999999999998
112,99,-1.0
112,107,-0.9999999999999998
112,112,1.0
112,121,-1.0
112,124,-1.0
112,127,-0.9999999999999998
112,154,-0.9999999999999998
112,157,0.32732683535398843
112,158,0.9999999999999998
113,2,0.9999999999999999
113,11,0.9999999999999998
113,13,0.9999999999999998
113,14,0.9999999999999998
113,18,-0.6546536707079957
113,22,0.9999999999999998
113,32,0.9999999999999998
113,33,-0.7559289460184531
113,43,0.0
113,68,0.9999999999999998
113,75,0.9999999999999998
113,76,-0.9999999999999998
113,77,1.0
113,83,0.6933752452815362
113,86,-1.0
113,91,0.9449111825230653
113,94,0.9999999999999998
113,113,1.0
113,134,0.755928946018453
113,141,0.9999999999999998
113,142,-0.9819805060619655
113,158,1.0
113,159,1.0
113,162,0.9999999999999998
113,165,1.0
113,176,-1.0
114,1,-0.8783100656536799
114,2,1.0
114,4,0.9999999999999998
114,8,1.0
114,9,-1.0
114,19,-1.0
114,24,1.0
114,26,0.8660254037844387
114,33,1.0
114,43,-1.0
114,51,-0.9819805060619639
114,54,-0.9999999999999998
114,57,-1.0
114,62,1.0
114,73,-0.9999999999999998
114,77,-0.49999999999999856
114,78,0.9999999999999999
114,95,1.0
114,97,-0.9999999999999998
114,98,0.9999999999999998
114,105,1.0
114,110,-0.9999999999999998
114,114,0.9999999999999998
114,115,0.9999999999999998
114,120,0.9607689228305502
114,133,1.0
114,136,-0.05241424183609631
114,140,-1.0
114,142,1.0
114,147,0.8660254037844448
114,150,0.9176629354822469
114,153,0.9999999999999998
114,158,0.9999999999999998
115,22,0.9999999999999998
115,26,-1.0
115,40,-1.0
115,50,1.0
115,54,-1.0
115,61,0.49999999999998934
115,62,0.9999999999999998
115,68,1.0
115,73,-0.9011271137791661
115,84,-1.0
115,114,0.9999999999999998
115,115,1.0
115,116,1.0
115,122,-0.9176629354822599
115,124,-0.9999999999999999
115,136,1.0
115,139,-1.0
115,145,-0.9999999999999998
115,162,1.0
116,1,0.9741099460101461
116,2,0.9999999999999998
116,14,0.4335549847620581
116,17,0.9999999999999998
116,35,0.9999999999999998
116,37,0.0
116,40,-0.9999999999999998
116,44,-1.0
116,48,-1.0
116,50,1.0
116,56,0.9999999999999999
116,57,-0.9999999999999998
116,67,1.0
116,68,0.8910421112136305
116,70,0.5447047794019224
116,71,0.052414241836095166
116,72,0.11470786693528051
116,75,1.0
116,84,-1.0
116,92,1.0
116,105,1.0
116,115,1.0
116,116,1.0
116,118,-0.9999999999999998
116,124,-0.9707253433941511
116,126,-1.0
116,127,-0.7559289460184544
116,136,-1.0
116,138,-0.9999999999999998
116,149,1.0
116,152,1.0
116,153,-1.0
116,165,0.9999999999999998
117,5,0.9999999999999998
117,6,-0.9999999999999998
117,10,0.27735009811261446
117,12,1.0
117,16,-1.0
117,19,-0.9999999999999999
117,33,-0.9999999999999998
117,34,0.989743318610785
117,35,-1.0
117,36,-1.0
117,43,0.9999999999999998
117,46,-1.0
117,54,1.0
117,60,-0.9999999999999999
117,61,0.5447047794019227
117,80,1.0
117,95,-0.9999999999999998
117,96,0.9999999999999998
117,117,1.0
117,122,0.9999999999999998
117,124,-0.9999999999999998
117,138,1.0
117,139,-0.2277100170213244
117,143,0.9999999999999998
117,148,-1.0
117,151,-1.0
117,160,0.6185895741317425
117,164,0.9999999999999998
118,2,0.9999999999999998
118,3,0.34995661963667807
118,12,0.9999999999999998
118,23,-1.0
118,47,-1.0
118,51,-0.693375245281537
118,52,1.0
118,60,0.8660254037844396
118,66,-0.9607689228305296
118,67,1.0
118,69,-1.0
118,70,-1.0
118,72,-0.0907841299003204
118,73,1.0
118,77,1.0
118,79,0.9999999999999998
118,89,-0.9999999999999998
118,90,-0.9999999999999998
118,92,-0.9999999999999998
118,101,0.06819943394704735
118,116,-0.9999999999999998
118,118,0.9999999999999999
118,127,-1.0
118,143,0.9999999999999998
118,144,-1.0
118,147,-1.0
118,162,-1.0
118,179,1.0
119,3,0.9999999999999998
119,27,-0.9999999999999998
119,33,-1.0
119,44,-0.9999999999999998
119,46,0.0
119,47,0.9999999999999998
119,53,1.0
119,58,1.0
119,65,1.0
119,76,0.9999999999999998
119,89,1.0
119,90,-0.9999999999999998
119,119,1.0
119,133,1.0
119,157,0.9999999999999998
119,168,-0.9999999999999998
119,169,0.7559289460184637
119,170,-0.9999999999999998
119,175,-0.9999999999999998
120,9,-0.9999999999999998
120,22,1.0
120,33,-0.9999999999999999
120,62,-1.0
120,74,-1.0
120,114,0.9607689228305502
120,120,1.0
120,121,-0.9999999999999998
120,140,0.9999999999999998
120,142,-0.9999999999999999
120,148,-1.0
120,151,0.9999999999999998
120,155,-1.0
120,162,-0.9999999999999998
120,163,-0.9999999999999998
121,2,-0.0564782494724905
121,12,1.0
121,32,0.6199304198780666
121,38,1.0
121,44,1.0
121,45,-0.9999999999999998
121,50,1.0
121,51,-1.0
121,58,1.0
121,59,1.0
121,73,-1.0
121,93,1.0
121,100,1.0
121,101,-0.9999999999999998
121,102,0.9999999999999998
121,112,-1.0
121,120,-0.9999999999999998
121,121,1.0
121,122,-0.348301071077896
121,123,-0.8660254037844403
121,124,0.9995971261503048
121,146,0.9999999999999998
121,156,-1.0
121,157,-1.0
121,176,-0.9999999999999998
121,178,-0.9999999999999998
122,1,-0.9999999999999998
122,2,0.9999999999999999
122,10,0.9449111825230703
122,12,0.9607689228305228
122,21,-1.0
122,22,-0.9999999999999998
122,27,0.9999999999999998
122,33,-1.0
122,34,-1.0
122,35,1.0
122,40,1.0
122,45,0.9999999999999998
122,47,1.0
122,51,0.9999999999999998
122,68,-1.0
122,71,1.0
122,93,0.9999999999999998
122,100,1.0
122,106,1.0
122,109,-1.0
122,115,-0.9176629354822501
122,117,0.9999999999999998
122,121,-0.348301071077896
122,122,1.0
122,124,-0.9999999999999998
122,138,0.9999999999999998
122,162,-1.0
122,164,1.0
123,23,-1.0
123,32,0.866025403784439
123,45,0.3015113445777637
123,49,0.5000000000000002
123,52,1.0
123,65,-0.9999999999999998
123,73,1.0
123,80,-1.0
123,81,-0.7559289460184544
123,83,1.0
123,102,-0.2773500981126145
123,107,0.9999999999999999
123,121,-0.8660254037844403
123,123,1.0
123,135,-1.0
123,137,1.0
123,140,-1.0
123,157,-0.3333333333333333
124,5,1.0
124,11,-1.0
124,22,0.9999999999999998
124,32,1.0
124,36,1.0
124,37,-0.899954085146515
124,47,1.0
124,65,-1.0
124,70,-0.9824666109905364
124,100,1.0
124,101,0.9999999999999998
124,102,0.5007733956671914
124,112,-1.0
124,115,-0.9999999999999999
124,116,-0.9707253433941511
124,117,-0.9999999999999998
124,121,0.9995971261503055
124,122,-0.9999999999999998
124,124,1.0
124,127,1.0
124,157,-1.0
124,160,0.9999999999999998
125,9,-0.9999999999999999
125,13,0.46089884537145454
125,21,0.40451991747794525
125,40,0.9999999999999999
125,46,0.9999999999999998
125,59,0.9999999999999999
125,81,-0.654653670707977
125,88,-0.9999999999999999
125,91,-0.8029550685469666
125,93,0.9999999999999999
125,95,-0.9999999999999999
125,101,1.0
125,103,0.9999999999999999
125,125,1.0
125,131,-1.0
125,132,-1.0
125,137,-0.9999999999999998
125,139,1.0
126,1,-0.8322397195638239
126,14,-0.8979182455325002
126,21,-0.1889822365046136
126,60,-1.0
126,70,-0.9999999999999998
126,76,0.9999999999999998
126,111,-0.9999999999999998
126,116,-1.0
126,126,0.9999999999999998
126,127,-0.9999999999999998
126,141,0.9999999999999999
126,145,0.7268547557869756
126,159,0.9999999999999964
126,160,-1.0
126,169,-0.9999999999999998
127,2,-1.0
127,14,1.0
127,23,0.9999999999999999
127,36,-1.0
127,40,1.0
127,45,0.9999999999999998
127,48,1.0
127,49,1.0
127,50,1.0
127,51,0.9999999999999998
127,55,-1.0
127,61,-0.9999999999999998
127,91,1.0
127,92,0.9999999999999992
127,110,-0.9999999999999998
127,112,-0.9999999999999998
127,116,-0.7559289460184544
127,118,-1.0
127,124,1.0
127,126,-0.9999999999999998
127,127,1.0
127,135,-0.9999999999999998
127,157,-0.9999999999999999
127,163,1.0
127,164,-0.9999999999999998
127,166,0.9607689228305226
127,171,0.9522165814091078
128,2,-0.9999999999999998
128,7,-1.0
128,20,-1.0
128,39,1.0
128,42,1.0
128,49,-0.26782783411485556
128,50,-1.0
128,65,0.31457081623286454
128,87,-1.0
128,92,1.0
128,95,1.0
128,102,1.0
128,104,1.0
128,128,0.9999999999999998
128,146,-0.8238525545716346
128,156,-1.0
128,157,0.9999999999999998
128,158,0.9707253433941713
129,26,0.012828950144770002
129,34,-1.0
129,44,-0.9999999999999998
129,51,0.9999999999999998
129,56,0.9999999999999998
129,66,-0.9999999999999998
129,69,-0.9999999999999998
129,91,-1.0
129,92,0.9683006310306362
129,129,0.9999999999999999
129,130,0.9999999999999998
129,137,0.9999999999999998
129,162,0.9999999999999998
130,1,0.31686212526223895
130,4,-1.0
130,28,1.0
130,57,-1.0
130,65,-1.0
130,71,-0.9999999999999998
130,80,-1.0
130,91,-1.0
130,129,0.9999999999999998
130,130,1.0
130,131,0.9999999999999998
130,135,-0.9999999999999998
130,149,1.0
130,154,0.9999999999999998
130,159,0.9999999999999998
130,166,0.499999999999993
130,169,1.0
130,170,-0.9999999999999998
131,1,0.2773500981126146
131,3,-0.9999999999999998
131,9,-1.0
131,25,-1.0
131,30,-1.0
131,40,0.6998542122237653
131,47,1.0
131,50,0.9999999999999998
131,71,-0.9999999999999998
131,125,-1.0
131,130,0.9999999999999998
131,131,1.0
131,132,-0.1428571428571429
131,135,-0.9999999999999998
131,169,1.0
131,175,1.0
131,176,-1.0
132,5,-0.9999999999999998
132,6,1.0
132,14,1.0
132,20,-1.0
132,24,1.0
132,30,0.9819805060619657
132,36,-0.9999999999999998
132,39,1.0
132,44,-0.9999999999999998
132,64,1.0
132,69,1.0
132,78,0.24019223070763066
132,79,-1.0
132,88,-0.9999999999999998
132,89,0.8660254037844387
132,94,-1.0
132,97,-0.9999999999999999
132,103,-0.9999999999999998
132,109,-0.18898223650461635
132,125,-1.0
132,131,-0.1428571428571429
132,132,0.9999999999999999
132,144,1.0
132,167,1.0
133,4,-1.0
133,10,0.9999999999999999
133,23,1.0
133,33,-0.9999999999999999
133,55,1.0
133,60,-0.9999999999999998
133,90,0.8660254037844387
133,97,-0.7638572897092744
133,110,0.9999999999999998
133,114,1.0
133,119,1.0
133,133,1.0
133,136,-0.9999999999999998
133,145,1.0
133,147,1.0
133,160,0.9999999999999998
133,173,1.0
133,178,-1.0
134,7,-0.40964401518645666
134,11,-0.9999999999999998
134,34,0.1889822365046137
134,42,1.0
134,43,1.0
134,46,1.0
134,50,-1.0
134,62,-1.0
134,79,-0.9999999999999998
134,108,0.052414241836095936
134,113,0.755928946018453
134,134,1.0
134,151,-0.9999999999999998
134,154,-0.4999999999999998
134,165,-1.0
134,179,-0.9999999999999998
135,7,1.0
135,14,-0.9999999999999998
135,15,-1.0
135,38,-1.0
135,44,-1.0
135,45,-1.0
135,48,-0.9999999999999999
135,77,1.0
135,87,1.0
135,123,-1.0
135,127,-0.9999999999999998
135,130,-0.9999999999999998
135,131,-0.9999999999999998
135,135,1.0
135,152,0.9999999999999998
135,157,0.9999999999999998
135,158,0.9999999999999998
135,163,0.9999999999999998
135,170,1.0
135,176,0.9999999999999998
136,1,0.7276068751089989
136,4,0.9999999999999999
136,15,-1.0
136,16,-1.0
136,22,0.5636214801906763
136,24,-1.0
136,25,-1.0
136,28,0.9999999999999999
136,33,0.9999999999999998
136,50,-1.0
136,54,-0.9999999999999998
136,62,-1.0
136,75,-1.0
136,76,0.9999999999999998
136,80,-1.0
136,94,0.9999999999999998
136,114,-0.05241424183609631
136,115,1.0
136,116,-1.0
136,133,-0.9999999999999998
136,136,1.0
136,147,-1.0
136,153,-0.6420387375057796
137,2,-0.5000000000000031
137,13,0.9999999999999998
137,16,-0.9999999999999998
137,26,-0.9999999999999999
137,28,0.9999999999999998
137,42,0.9999999999999998
137,64,0.9999999999999998
137,73,-0.9999999999999998
137,81,0.24019223070763082
137,123,1.0
137,125,-0.9999999999999998
137,129,0.9999999999999998
137,137,1.0
137,173,-1.0
137,178,0.9999999999999998
138,2,0.7172042142548527
138,3,-0.9999999999999998
138,5,0.9999999999999998
138,13,-0.9999999999999999
138,33,0.9999999999999998
138,35,-1.0
138,54,1.0
138,57,-0.9999999999999998
138,61,0.9999999999999998
138,62,0.9999999999999998
138,63,-1.0
138,68,-0.9707253433941512
138,75,0.9999999999999998
138,102,0.9999999999999998
138,116,-0.9999999999999998
138,117,1.0
138,122,0.9999999999999998
138,138,1.0
138,141,0.9999999999999998
138,151,0.9999999999999998
138,162,1.0
138,173,-1.0
139,6,1.0
139,27,-0.9999999999999998
139,43,0.3333333333333333
139,46,1.0
139,75,0.9999999999999998
139,79,-1.0
139,80,-0.9999999999999998
139,81,-0.9999999999999998
139,96,1.0
139,103,0.6546536707079769
139,115,-1.0
139,117,-0.2277100170213244
139,125,1.0
139,139,0.9999999999999998
139,162,0.9999999999999998
140,1,0.9999999999999999
140,4,0.9999999999999998
140,22,0.500000000000001
140,27,1.0
140,35,-0.4999999999999993
140,41,-1.0
140,45,1.0
140,75,-1.0
140,80,-1.0
140,81,1.0
140,82,-1.0
140,86,-0.9999999999999998
140,94,-1.0
140,103,-1.0
140,114,-1.0
140,120,0.9999999999999998
140,123,-1.0
140,140,1.0
140,153,-0.9999999999999998
140,157,-0.9999999999999998
140,179,0.9999999999999999
141,1,-0.6933752452815366
141,2,0.5519108859536994
141,3,-0.18898223650461363
141,6,0.9999999999999998
141,8,0.9999999999999998
141,14,-0.9999999999999998
141,15,-0.529106716126994
141,17,0.9999999999999998
141,18,-0.9999999999999999
141,24,-0.6546536707079783
141,31,-0.8660254037844379
141,47,-0.9999999999999998
141,63,-0.9999999999999998
141,66,-0.9449111825230629
141,67,0.9999999999999998
141,68,0.5960395606792694
141,72,-1.0
141,74,-0.1889822365046137
141,85,0.9999999999999998
141,113,0.9999999999999998
141,126,0.9999999999999999
141,138,0.9999999999999998
141,141,0.9999999999999998
141,148,0.9999999999999998
141,151,-0.8660254037844402
141,169,1.0
142,8,-1.0
142,25,-1.0
142,56,-1.0
142,83,-0.499999999999991
142,95,0.500000000000001
142,101,-0.9999999999999998
142,104,-1.0
142,113,-0.9819805060619655
142,114,1.0
142,120,-0.9999999999999999
142,142,1.0
142,162,0.9176629354822501
142,163,0.9999999999999998
142,164,-0.9999999999999998
142,169,-1.0
142,176,-1.0
143,4,-1.0
143,5,0.9999999999999998
143,6,-0.9999999999999998
143,17,1.0
143,27,-1.0
143,59,0.9999999999999998
143,69,-0.7824666287099529
143,70,0.9999999999999998
143,79,0.9999999999999998
143,98,-0.9999999999999998
143,101,-0.9999999999999998
143,109,0.9999999999999998
143,111,-0.9999999999999999
143,117,0.9999999999999998
143,118,0.9999999999999998
143,143,0.9999999999999999
143,149,0.9999999999999998
143,154,0.8660254037844389
143,160,0.8029550685469663
143,165,0.4999999999999999
143,166,0.9999999999999998
144,30,-0.9999999999999998
144,37,-0.9999999999999998
144,39,0.9999999999999999
144,40,0.9999999999999998
144,50,-1.0
144,52,-0.9999999999999998
144,59,1.0
144,66,1.0
144,69,1.0
144,78,-1.0
144,87,1.0
144,90,0.9999999999999998
144,97,-1.0
144,104,0.9999999999999998
144,107,1.0
144,118,-1.0
144,132,1.0
144,144,0.9999999999999999
144,145,-1.0
144,147,0.9999999999999998
144,148,0.9999999999999999
144,154,-0.9999999999999998
144,161,-0.9999999999999999
144,162,-0.9999999999999998
144,163,0.9999999999999998
144,178,-0.9999999999999998
145,5,1.0
145,19,-1.0
145,30,-1.0
145,45,-0.9999999999999999
145,48,0.9999999999999998
145,50,1.0
145,51,-1.0
145,52,0.9999999999999998
145,78,0.9819805060619662
145,97,-0.9999999999999999
145,111,0.9999999999999999
145,115,-0.9999999999999998
145,126,0.7268547557869756
145,133,1.0
145,144,-1.0
145,145,1.0
145,159,1.0
145,161,-0.7370434740954988
145,166,0.9999999999999998
145,178,-0.9999999999999998
146,2,-1.0
146,7,0.11470786693528094
146,21,-0.9999999999999998
146,40,-1.0
146,49,1.0
146,50,0.9999999999999998
146,54,-1.0
146,64,-0.9999999999999998
146,102,-1.0
146,108,-0.9068666081678056
146,121,0.9999999999999998
146,128,-0.8238525545716346
146,146,0.9999999999999999
146,157,-0.9999999999999998
146,158,-1.0
146,168,1.0
147,3,1.0
147,4,-0.9999999999999998
147,25,-1.0
147,26,0.9999999999999998
147,31,0.9999999999999999
147,35,0.9999999999999999
147,37,1.0
147,41,-0.9999999999999998
147,51,0.9999999999999998
147,53,-0.9999999999999998
147,55,1.0
147,60,0.14285714285714285
147,69,-0.9999999999999998
147,77,1.0
147,90,-0.452966579569162
147,97,-1.0
147,105,1.0
147,114,0.8660254037844448
147,118,-1.0
147,133,1.0
147,136,-1.0
147,144,0.9999999999999998
147,147,1.0
147,150,-1.0
147,153,-1.0
147,162,1.0
147,168,-0.9999999999999998
147,179,-0.944911182523072
148,10,1.0
148,12,-1.0
148,20,0.9999999999999998
148,21,0.9999999999999998
148,36,0.8660254037844388
148,65,0.1889822365046132
148,74,1.0
148,95,1.0
148,103,-1.0
148,104,-1.0
148,107,0.9999999999999998
148,117,-1.0
148,120,-1.0
148,141,0.9999999999999998
148,144,0.9999999999999999
148,148,1.0
148,151,-0.9999999999999998
148,157,-0.9999999999999998
148,158,1.0
148,161,-0.9999999999999998
149,1,1.0
149,4,-1.0
149,5,-0.9999999999999998
149,9,-1.0
149,14,0.8029550685469661
149,20,-0.9912407071619302
149,29,1.0
149,31,-0.9999999999999998
149,58,0.9999999999999998
149,59,-0.9999999999999998
149,62,-1.0
149,71,0.9999999999999998
149,79,0.9999999999999998
149,80,0.9999999999999999
149,92,1.0
149,116,1.0
149,130,1.0
149,143,0.9999999999999998
149,149,1.0
149,158,1.0
149,163,1.0
150,8,0.9999999999999998
150,9,-0.9999999999999998
150,20,-0.9999999999999998
150,42,-0.9941916256019211
150,53,0.9999999999999998
150,61,0.9999999999999998
150,64,1.0
150,66,0.9999999999999998
150,77,-1.0
150,80,-0.9999999999999998
150,97,1.0
150,102,-1.0
150,114,0.9176629354822474
150,147,-1.0
150,150,1.0
151,1,0.6628489803598694
151,3,0.8357661056711406
151,20,0.9999999999999998
151,55,-1.0
151,59,0.9999999999999998
151,60,1.0
151,68,0.9999999999999998
151,72,1.0
151,74,-0.997176464952734
151,80,-1.0
151,85,0.9999999999999998
151,103,-1.0
151,117,-1.0
151,120,0.9999999999999998
151,134,-0.9999999999999998
151,138,0.9999999999999998
151,141,-0.8660254037844402
151,148,-0.9999999999999998
151,151,0.9999999999999999
151,164,1.0
151,179,1.0
152,6,-1.0
152,8,-0.9999999999999998
152,20,0.9999999999999998
152,37,-0.9999999999999998
152,41,0.9999999999999998
152,60,0.9999999999999999
152,75,1.0
152,90,0.9999999999999999
152,111,0.9999999999999998
152,116,1.0
152,135,0.9999999999999998
152,152,1.0
152,160,0.9999999999999998
152,177,0.9999999999999998
153,1,-0.9999999999999998
153,2,-0.5000000000000002
153,3,1.0
153,23,-0.9999999999999998
153,24,-0.9999999999999998
153,28,0.9999999999999999
153,30,0.9999999999999998
153,43,1.0
153,77,-1.0
153,79,-0.9999999999999998
153,81,-1.0
153,82,-0.9999999999999998
153,94,0.9999999999999998
153,114,0.9999999999999998
153,116,-1.0
153,136,-0.6420387375057796
153,140,-0.9999999999999998
153,147,-1.0
153,153,1.0
153,173,0.9999999999999998
154,1,1.0
154,7,1.0
154,11,-1.0
154,17,1.0
154,28,-1.0
154,34,-0.9999999999999998
154,35,1.0
154,36,-1.0
154,48,-0.9999999999999998
154,50,-1.0
154,51,1.0
154,53,0.9999999999999998
154,58,0.8386278693775349
154,79,0.9999999999999998
154,82,0.9999999999999998
154,112,-0.9999999999999998
154,130,0.9999999999999998
154,134,-0.4999999999999998
154,143,0.8660254037844389
154,144,-0.9999999999999998
154,154,1.0
154,160,-0.2773500981126171
154,162,0.9999999999999998
154,170,-0.9999999999999999
154,178,1.0
155,5,0.9999999999999998
155,7,0.9999999999999998
155,11,-1.0
155,12,0.9999999999999999
155,21,0.9999999999999999
155,22,1.0
155,36,1.0
155,59,-1.0
155,62,0.9999999999999998
155,84,1.0
155,101,0.520401483881538
155,120,-1.0
155,155,0.9999999999999999
155,171,-1.0
155,178,-1.0
156,4,0.21019754169815522
156,6,0.9999999999999998
156,13,0.9999999999999998
156,18,1.0
156,23,-0.9999999999999998
156,24,1.0
156,27,0.9933992677987828
156,32,0.9999999999999998
156,38,-0.9999999999999998
156,50,-1.0
156,56,-0.9999999999999998
156,58,-0.9999999999999998
156,62,-0.9999999999999998
156,69,1.0
156,70,-1.0
156,77,-1.0
156,88,0.9999999999999998
156,100,-1.0
156,110,-1.0
156,121,-1.0
156,128,-1.0
156,156,1.0
156,157,-0.7346969999683854
156,167,0.9999999999999998
156,168,-0.9999999999999998
156,173,-1.0
157,17,-0.9999999999999999
157,27,-1.0
157,55,-1.0
157,60,1.0
157,62,1.0
157,65,-1.0
157,68,0.9999999999999998
157,69,0.9999999999999998
157,77,1.0
157,101,-0.9999999999999998
157,104,1.0
157,107,0.9999999999999998
157,112,0.32732683535398843
157,119,0.9999999999999998
157,121,-1.0
157,123,-0.3333333333333333
157,124,-1.0
157,127,-0.9999999999999999
157,128,0.9999999999999998
157,135,0.9999999999999998
157,140,-0.9999999999999998
157,146,-0.9999999999999998
157,148,-0.9999999999999998
157,156,-0.7346969999683854
157,157,1.0
157,158,0.9999999999999998
157,163,-1.0
157,167,-1.0
158,1,1.0
158,5,-1.0
158,7,-0.9148074042510737
158,11,1.0
158,17,-0.9999999999999999
158,18,0.9999999999999998
158,19,-0.9999999999999999
158,25,-0.9999999999999998
158,31,0.5101044905158807
158,34,1.0
158,36,0.8386278693775346
158,40,-0.9999999999999998
158,45,-0.9999999999999998
158,49,-0.9999999999999998
158,57,1.0
158,65,-0.9999999999999998
158,76,-0.3273268353539888
158,77,0.9999999999999999
158,78,1.0
158,84,-1.0
158,88,1.0
158,101,-0.9999999999999998
158,112,0.9999999999999998
158,113,1.0
158,114,0.9999999999999998
158,128,0.9707253433941713
158,135,0.9999999999999998
158,146,-1.0
158,148,1.0
158,149,1.0
158,157,0.9999999999999998
158,158,1.0
158,165,-0.9999999999999998
158,171,0.9999999999999998
158,176,-0.9449111825230686
159,1,1.0
159,7,0.9999999999999998
159,11,-0.6546536707079776
159,21,-1.0
159,32,0.999597126150305
159,34,1.0
159,41,1.0
159,43,-1.0
159,47,-0.9999999999999998
159,49,-1.0
159,83,0.9994237971287665
159,86,0.46632137126854417
159,99,0.9999999999999999
159,104,-1.0
159,107,1.0
159,113,1.0
159,126,0.9999999999999964
159,130,0.9999999999999998
159,145,1.0
159,159,0.9999999999999998
159,165,0.9999999999999998
159,172,1.0
160,5,0.8029550685469664
160,7,-0.9999999999999998
160,11,0.9999999999999998
160,15,1.0
160,22,0.9999999999999998
160,34,0.9999999999999998
160,35,0.0
160,37,-0.9999999999999998
160,48,-1.0
160,50,1.0
160,59,-0.32732683535398915
160,70,-0.9999999999999998
160,72,1.0
160,82,-1.0
160,91,0.9999999999999999
160,109,0.9999999999999998
160,117,0.6185895741317425
160,124,0.9999999999999998
160,126,-1.0
160,133,0.9999999999999998
160,143,0.8029550685469663
160,152,0.9999999999999998
160,154,-0.2773500981126171
160,160,1.0
160,166,-0.49999999999999956
160,167,0.9999999999999998
161,23,0.9999999999999998
161,52,-1.0
161,61,-1.0
161,70,-1.0
161,73,0.9999999999999998
161,87,-0.39735970711951324
161,89,-0.9999999999999998
161,144,-0.9999999999999999
161,145,-0.7370434740954988
161,148,-0.9999999999999998
161,161,1.0
161,166,0.9999999999999998
161,169,0.9999999999999998
161,174,0.9999999999999998
161,178,0.9999999999999998
162,2,-0.8660254037844388
162,3,-0.9999999999999998
162,4,-0.9999999999999998
162,15,0.9999999999999998
162,16,0.6546536707079772
162,20,-0.9999999999999998
162,26,-1.0
162,51,0.0
162,53,0.9999999999999998
162,56,-0.9999999999999998
162,73,-0.9285714285714266
162,89,-0.9999999999999998
162,90,-0.9707253433941515
162,101,-0.9999999999999998
162,105,1.0
162,113,0.9999999999999998
162,115,1.0
162,118,-1.0
162,120,-0.9999999999999998
162,122,-1.0
162,129,0.9999999999999998
162,138,1.0
162,139,0.9999999999999998
162,142,0.9176629354822599
162,144,-0.9999999999999998
162,147,1.0
162,154,0.9999999999999998
162,162,1.0
162,163,0.9999999999999998
163,15,0.9999999999999999
163,20,0.18898223650461485
163,23,1.0
163,29,0.9999999999999998
163,62,1.0
163,67,-0.9999999999999998
163,68,-1.0
163,71,0.9999999999999998
163,78,1.0
163,83,0.9999999999999998
163,84,0.9999999999999998
163,90,-1.0
163,97,-1.0
163,120,-0.9999999999999998
163,127,1.0
163,135,0.9999999999999998
163,142,0.9999999999999998
163,144,0.9999999999999998
163,149,1.0
163,157,-1.0
163,162,0.9999999999999998
163,163,1.0
163,167,-0.9999999999999998
163,175,-1.0
163,178,-0.4999999999999973
164,1,0.5447047794019222
164,22,1.0
164,35,0.5000000000000002
164,36,-0.9999999999999998
164,46,-0.9750002110024931
164,47,0.8357661056711406
164,59,-0.9999999999999998
164,74,1.0
164,80,-1.0
164,82,1.0
164,85,0.499999999999993
164,100,0.9999999999999998
164,106,0.9999999999999998
164,111,1.0
164,117,0.9999999999999998
164,122,1.0
164,127,-0.9999999999999998
164,142,-0.9999999999999998
164,151,1.0
164,164,1.0
164,168,-0.9999999999999998
164,170,-0.9999999999999998
164,172,-1.0
165,5,0.9999999999999998
165,6,-0.9999999999999998
165,11,-1.0
165,14,0.15554275420956382
165,34,-0.9999999999999998
165,62,1.0
165,75,-0.9999999999999998
165,82,0.9999999999999998
165,88,1.0
165,94,-0.6546536707079768
165,98,-0.6933752452815225
165,113,1.0
165,116,0.9999999999999998
165,134,-1.0
165,143,0.4999999999999999
165,158,-0.9999999999999998
165,159,0.9999999999999998
165,165,1.0
165,171,1.0
166,6,0.35921060405355004
166,23,0.9999999999999998
166,25,0.0
166,33,-0.9999999999999998
166,34,-1.0
166,35,0.9999999999999998
166,38,-0.9843241382880892
166,45,0.9999999999999998
166,79,1.0
166,82,-0.9999999999999998
166,91,-0.9999999999999998
166,98,-1.0
166,99,-1.0
166,127,0.9607689228305226
166,130,0.499999999999993
166,143,0.9999999999999998
166,145,0.9999999999999998
166,160,-0.5000000000000009
166,161,0.9999999999999998
166,166,1.0
166,179,-0.9999999999999998
167,21,-0.9999999999999998
167,29,-0.9999999999999998
167,75,-0.9999999999999998
167,78,0.9631231373018595
167,83,0.9999999999999999
167,101,1.0
167,132,1.0
167,156,0.9999999999999998
167,157,-1.0
167,160,0.9999999999999998
167,163,-0.9999999999999998
167,167,1.0
167,168,0.9999999999999998
167,170,0.9999999999999998
167,175,-1.0
168,13,0.9999999999999998
168,18,-0.4999999999999959
168,19,0.9999999999999998
168,38,0.9045340337332909
168,44,0.9999999999999998
168,58,-0.12298800925361816
168,61,0.9999999999999998
168,62,0.0
168,76,0.9999999999999998
168,77,-1.0
168,78,0.5000000000000107
168,89,1.0
168,119,-0.9999999999999998
168,146,1.0
168,147,-0.9999999999999998
168,156,-0.9999999999999998
168,164,-0.9999999999999998
168,167,0.9999999999999998
168,168,1.0
168,178,-0.9999999999999998
169,25,0.8660254037844377
169,28,0.9999999999999999
169,41,-1.0
169,56,1.0
169,74,0.0
169,76,-1.0
169,92,-0.9999999999999998
169,95,0.9999999999999998
169,119,0.7559289460184476
169,126,-0.9999999999999998
169,130,1.0
169,131,1.0
169,141,1.0
169,142,-1.0
169,161,0.9999999999999998
169,169,1.0
170,1,-1.0
170,4,0.3973597071195132
170,5,1.0
170,15,-1.0
170,29,1.0
170,46,0.8029550685469486
170,48,-0.9999999999999999
170,58,-1.0
170,76,-1.0
170,79,1.0
170,83,-0.9999999999999998
170,98,1.0
170,119,-0.9999999999999998
170,130,-0.9999999999999998
170,135,1.0
170,154,-0.9999999999999999
170,164,-0.9999999999999998
170,167,0.9999999999999998
170,170,0.9999999999999998
171,2,-1.0
171,4,1.0
171,7,1.0
171,8,1.0
171,29,-1.0
171,31,-0.9999999999999998
171,34,-0.9999999999999998
171,35,1.0
171,36,-0.6622661785325219
171,45,-1.0
171,57,0.8660254037844402
171,71,1.0
171,83,-1.0
171,88,1.0
171,92,0.9999999999999998
171,110,-1.0
171,127,0.9522165814091078
171,155,-1.0
171,158,0.9999999999999998
171,165,1.0
171,171,0.9999999999999998
172,1,-0.945223409278089
172,31,-1.0
172,32,0.277350098112614
172,33,-0.9999999999999999
172,45,0.9999999999999999
172,55,0.30542361089076286
172,56,-0.9999999999999999
172,103,0.9999999999999998
172,159,1.0
172,164,-1.0
172,172,1.0
172,179,1.0
173,2,0.9148074042510733
173,3,0.6933752452815363
173,4,0.28829998806257884
173,6,0.11470786693528372
173,7,1.0
173,21,-0.9999999999999999
173,24,-0.32732683535398793
173,28,0.6933752452815358
173,31,1.0
173,33,0.9999999999999998
173,43,1.0
173,48,0.9999999999999998
173,57,-1.0
173,59,-0.9999999999999998
173,65,1.0
173,70,-1.0
173,79,0.66284898035987
173,90,-1.0
173,91,-0.16609095970747995
173,106,1.0
173,133,1.0
173,137,-1.0
173,138,-1.0
173,153,0.9999999999999998
173,156,-1.0
173,173,0.9999999999999999
173,174,-0.3273268353539884
174,6,-0.3812464258315118
174,7,-1.0
174,19,0.9999999999999999
174,30,-1.0
174,48,-0.9999999999999999
174,63,-1.0
174,64,-0.108147614087175
174,65,0.9999999999999998
174,66,0.9999999999999998
174,84,-0.40389034790077966
174,86,0.9999999999999998
174,87,1.0
174,88,0.0
174,161,0.9999999999999998
174,173,-0.3273268353539884
174,174,1.0
175,21,1.0
175,23,1.0
175,27,0.9999999999999998
175,52,-0.142857142857143
175,67,-0.9999999999999998
175,68,0.9999999999999998
175,77,-0.9999999999999998
175,108,1.0
175,119,-0.9999999999999998
175,131,1.0
175,163,-1.0
175,167,-1.0
175,175,0.9999999999999999
176,7,-1.0
176,8,1.0
176,13,0.944911182523065
176,14,-0.9999999999999998
176,31,0.9999999999999998
176,34,1.0
176,40,-0.9999999999999999
176,42,0.9999999999999998
176,47,0.8660254037844384
176,66,0.8660254037844355
176,76,-0.4495611895592131
176,92,-0.9999999999999999
176,93,-1.0
176,101,1.0
176,105,1.0
176,113,-1.0
176,121,-0.9999999999999998
176,131,-1.0
176,135,0.9999999999999998
176,142,-1.0
176,158,-0.9449111825230666
176,176,1.0
177,1,1.0
177,4,0.7559289460184546
177,5,1.0
177,15,0.9999999999999998
177,20,0.9041944301794632
177,26,-0.9999999999999998
177,28,0.9999999999999999
177,36,-0.9999999999999998
177,37,0.654653670707977
177,44,0.9999999999999999
177,61,-1.0
177,63,-0.9999999999999998
177,67,-0.9999999999999998
177,70,-0.2401922307076306
177,73,-1.0
177,82,1.0
177,92,1.0
177,101,-0.9999999999999998
177,105,-0.14285714285714285
177,152,0.9999999999999998
177,177,1.0
178,7,-1.0
178,15,0.9999999999999998
178,16,-0.9999999999999998
178,44,-0.9999999999999998
178,58,0.9631231373018594
178,87,0.9999999999999999
178,97,1.0
178,121,-0.9999999999999998
178,133,-1.0
178,137,0.9999999999999998
178,144,-0.9999999999999998
178,145,-0.9999999999999998
178,154,1.0
178,155,-1.0
178,161,0.9999999999999998
178,163,-0.4999999999999973
178,168,-0.9999999999999998
178,178,0.9999999999999998
179,1,-0.4785474204170222
179,3,-1.0
179,6,-0.9999999999999998
179,7,-0.9999999999999998
179,16,-0.9999999999999998
179,31,0.9999999999999998
179,32,0.9999999999999998
179,34,-1.0
179,55,-0.9819805060619622
179,60,1.0
179,62,-0.4234151591787119
179,72,-0.9999999999999999
179,74,-1.0
179,81,1.0
179,82,0.9999999999999998
179,97,-0.9999999999999998
179,103,0.9999999999999998
179,118,1.0
179,134,-0.9999999999999998
179,140,0.9999999999999999
179,147,-0.944911182523072
179,151,1.0
179,166,-0.9999999999999998
179,172,1.0
179,179,0.9999999999999999
